/app/src/main/java/bettycc/com/animatepulltorefresh/MyActivity.java,18
/app/src/main/java/bettycc/com/animatepulltorefresh/MainActivity.java,6
/library/src/main/java/com/handmark/pulltorefresh/library/PullToRefreshHorizontalScrollView.java,20
/library/src/main/java/com/handmark/pulltorefresh/library/PullToRefreshScrollView.java,19
/library/src/main/java/com/handmark/pulltorefresh/library/PullToRefreshAdapterViewBase.java,69
/library/src/main/java/com/handmark/pulltorefresh/library/PullToRefreshListView.java,60
/library/src/main/java/com/handmark/pulltorefresh/library/OverscrollHelper.java,16
/library/src/main/java/com/handmark/pulltorefresh/library/PullToRefreshWebView.java,33
/library/src/main/java/com/handmark/pulltorefresh/library/internal/IndicatorLayout.java,27
/library/src/main/java/com/handmark/pulltorefresh/library/internal/ViewCompat.java,12
/library/src/main/java/com/handmark/pulltorefresh/library/internal/LoadingLayout.java,67
/library/src/main/java/com/handmark/pulltorefresh/library/internal/GifLoadingLayout.java,21
/library/src/main/java/com/handmark/pulltorefresh/library/internal/RotateLoadingLayout.java,21
/library/src/main/java/com/handmark/pulltorefresh/library/internal/GifAnimation.java,11
/library/src/main/java/com/handmark/pulltorefresh/library/internal/Utils.java,5
/library/src/main/java/com/handmark/pulltorefresh/library/internal/FlipLoadingLayout.java,24
/library/src/main/java/com/handmark/pulltorefresh/library/PullToRefreshExpandableListView.java,20
/library/src/main/java/com/handmark/pulltorefresh/library/extras/SoundPullEventListener.java,14
/library/src/main/java/com/handmark/pulltorefresh/library/extras/PullToRefreshWebView2.java,22
/library/src/main/java/com/handmark/pulltorefresh/library/LoadingLayoutProxy.java,13
/library/src/main/java/com/handmark/pulltorefresh/library/PullToRefreshGridView.java,20
/library/src/main/java/com/handmark/pulltorefresh/library/PullToRefreshBase.java,255
