/OpenSudoku/src/cz/romario/opensudoku/utils/Const.java,5
/OpenSudoku/src/cz/romario/opensudoku/utils/AndroidUtils.java,49
/OpenSudoku/src/cz/romario/opensudoku/utils/StringUtils.java,16
/OpenSudoku/src/cz/romario/opensudoku/game/Cell.java,123
/OpenSudoku/src/cz/romario/opensudoku/game/command/ClearAllNotesCommand.java,72
/OpenSudoku/src/cz/romario/opensudoku/game/command/AbstractCommand.java,35
/OpenSudoku/src/cz/romario/opensudoku/game/command/AbstractCellCommand.java,11
/OpenSudoku/src/cz/romario/opensudoku/game/command/EditCellNoteCommand.java,44
/OpenSudoku/src/cz/romario/opensudoku/game/command/FillInNotesCommand.java,78
/OpenSudoku/src/cz/romario/opensudoku/game/command/CommandStack.java,83
/OpenSudoku/src/cz/romario/opensudoku/game/command/SetCellValueCommand.java,43
/OpenSudoku/src/cz/romario/opensudoku/game/SudokuGame.java,202
/OpenSudoku/src/cz/romario/opensudoku/game/FolderInfo.java,42
/OpenSudoku/src/cz/romario/opensudoku/game/CellGroup.java,35
/OpenSudoku/src/cz/romario/opensudoku/game/CellCollection.java,263
/OpenSudoku/src/cz/romario/opensudoku/game/CellNote.java,83
/OpenSudoku/src/cz/romario/opensudoku/db/SudokuImportParams.java,18
/OpenSudoku/src/cz/romario/opensudoku/db/SudokuColumns.java,11
/OpenSudoku/src/cz/romario/opensudoku/db/DatabaseHelper.java,147
/OpenSudoku/src/cz/romario/opensudoku/db/FolderColumns.java,6
/OpenSudoku/src/cz/romario/opensudoku/db/SudokuDatabase.java,278
/OpenSudoku/src/cz/romario/opensudoku/db/SudokuInvalidFormatException.java,12
/OpenSudoku/src/cz/romario/opensudoku/gui/ImportSudokuActivity.java,14
/OpenSudoku/src/cz/romario/opensudoku/gui/GameSettingsActivity.java,26
/OpenSudoku/src/cz/romario/opensudoku/gui/Changelog.java,73
/OpenSudoku/src/cz/romario/opensudoku/gui/FolderListActivity.java,314
/OpenSudoku/src/cz/romario/opensudoku/gui/importing/ExtrasImportTask.java,23
/OpenSudoku/src/cz/romario/opensudoku/gui/importing/OpenSudokuImportTask.java,138
/OpenSudoku/src/cz/romario/opensudoku/gui/importing/AbstractImportTask.java,136
/OpenSudoku/src/cz/romario/opensudoku/gui/importing/SdmImportTask.java,38
/OpenSudoku/src/cz/romario/opensudoku/gui/FolderDetailLoader.java,47
/OpenSudoku/src/cz/romario/opensudoku/gui/SudokuImportActivity.java,80
/OpenSudoku/src/cz/romario/opensudoku/gui/SeekBarPreference.java,193
/OpenSudoku/src/cz/romario/opensudoku/gui/FileImportActivity.java,14
/OpenSudoku/src/cz/romario/opensudoku/gui/exporting/FileExportTaskResult.java,7
/OpenSudoku/src/cz/romario/opensudoku/gui/exporting/FileExportTask.java,141
/OpenSudoku/src/cz/romario/opensudoku/gui/exporting/FileExportTaskParams.java,7
/OpenSudoku/src/cz/romario/opensudoku/gui/inputmethod/IMSingleNumber.java,207
/OpenSudoku/src/cz/romario/opensudoku/gui/inputmethod/InputMethod.java,90
/OpenSudoku/src/cz/romario/opensudoku/gui/inputmethod/IMPopupDialog.java,230
/OpenSudoku/src/cz/romario/opensudoku/gui/inputmethod/IMControlPanelStatePersister.java,92
/OpenSudoku/src/cz/romario/opensudoku/gui/inputmethod/IMPopup.java,122
/OpenSudoku/src/cz/romario/opensudoku/gui/inputmethod/IMControlPanel.java,174
/OpenSudoku/src/cz/romario/opensudoku/gui/inputmethod/IMNumpad.java,179
/OpenSudoku/src/cz/romario/opensudoku/gui/GameTimeFormat.java,17
/OpenSudoku/src/cz/romario/opensudoku/gui/SudokuEditActivity.java,172
/OpenSudoku/src/cz/romario/opensudoku/gui/Timer.java,95
/OpenSudoku/src/cz/romario/opensudoku/gui/SudokuBoardView.java,501
/OpenSudoku/src/cz/romario/opensudoku/gui/SudokuListActivity.java,493
/OpenSudoku/src/cz/romario/opensudoku/gui/SudokuExportActivity.java,135
/OpenSudoku/src/cz/romario/opensudoku/gui/FileListActivity.java,165
/OpenSudoku/src/cz/romario/opensudoku/gui/HintsQueue.java,120
/OpenSudoku/src/cz/romario/opensudoku/gui/SudokuPlayActivity.java,351
/OpenSudoku/src/cz/romario/opensudoku/gui/SudokuListFilter.java,29
