/src/com/example/android/bitmapfun/util/RetainFragment.java,2:
/src/com/example/android/bitmapfun/util/ImageResizer.java,6:
/src/com/example/android/bitmapfun/util/ImageWorker.java,29:
/src/com/example/android/bitmapfun/util/ImageCache.java,15:
/src/com/example/android/bitmapfun/util/ImageFetcher.java,13:
/src/com/example/android/bitmapfun/util/DiskLruCache.java,24:
/src/com/example/android/bitmapfun/util/Utils.java,6:
/src/com/dodola/model/DuitangInfo.java,1:
/src/com/dodola/model/Infos.java,1:
/src/com/dodola/waterex/MainActivity.java,13:
/src/com/dodola/waterex/StaggeredAdapter.java,3:
/src/com/origamilabs/library/views/ScrollerCompat.java,2:
/src/com/origamilabs/library/views/StaggeredGridView.java,389:
/src/com/origamilabs/library/views/ScrollerCompatIcs.java,1:
