/selenium/src/main/java/utils/Utils.java,1
/selenium/src/main/java/conf/Conf.java,0
/selenium/src/main/java/test/TestNavigation.java,2
/selenium/src/main/java/test/TestSubscription.java,2
/selenium/src/main/java/test/TestLogin.java,0
/selenium/src/main/java/test/TestCreation.java,3
/selenium/src/main/java/test/TestScenario.java,2
/selenium/src/main/java/AppSelenium.java,0
/services/src/main/java/com/vsct/supervision/seyren/api/Subscription.java,4
/services/src/main/java/com/vsct/supervision/seyren/api/Alert.java,0
/services/src/main/java/com/vsct/supervision/seyren/api/Alarm.java,4
/services/src/main/java/com/vsct/supervision/seyren/api/InstantOfEpochMilliDeserializer.java,0
/services/src/main/java/com/vsct/supervision/seyren/api/SeyrenResponse.java,0
/services/src/main/java/com/vsct/supervision/notification/model/AlarmValidator.java,5
/services/src/main/java/com/vsct/supervision/notification/model/SubscriptionMapper.java,4
/services/src/main/java/com/vsct/supervision/notification/model/Stat.java,4
/services/src/main/java/com/vsct/supervision/notification/model/AlarmMapper.java,1
/services/src/main/java/com/vsct/supervision/notification/model/SelectOption.java,0
/services/src/main/java/com/vsct/supervision/notification/model/GraphiteSources.java,1
/services/src/main/java/com/vsct/supervision/notification/model/CerebroAlarm.java,0
/services/src/main/java/com/vsct/supervision/notification/service/SourceService.java,0
/services/src/main/java/com/vsct/supervision/notification/service/AlertService.java,1
/services/src/main/java/com/vsct/supervision/notification/service/AlarmService.java,1
/services/src/main/java/com/vsct/supervision/notification/service/SubscriptionService.java,1
/services/src/main/java/com/vsct/supervision/notification/repository/SeyrenRepository.java,1
/services/src/main/java/com/vsct/supervision/notification/log/LoggingAspect.java,20
/services/src/main/java/com/vsct/supervision/notification/log/LogWriter.java,1
/services/src/main/java/com/vsct/supervision/notification/exception/SeyrenResponseErrorHandler.java,2
/services/src/main/java/com/vsct/supervision/notification/exception/DuplicateSubscriptionException.java,0
/services/src/main/java/com/vsct/supervision/notification/exception/SeyrenException.java,0
/services/src/main/java/com/vsct/supervision/notification/exception/CerebroException.java,0
/services/src/main/java/com/vsct/supervision/notification/controller/CerebroController.java,1
/services/src/main/java/com/vsct/supervision/notification/App.java,0
/services/src/main/java/com/vsct/supervision/notification/util/SeyrenHealthIndicator.java,1
/services/src/main/java/com/vsct/supervision/notification/util/GraphiteKeyUtil.java,1
/services/src/main/java/com/vsct/supervision/notification/email/MailSenderImpl.java,3
/services/src/main/java/com/vsct/supervision/notification/email/NotificationHandler.java,1
/services/src/main/java/com/vsct/supervision/notification/email/Sender.java,1
/services/src/main/java/com/vsct/supervision/config/CerebroConfiguration.java,0
