/google-play-services_lib/src/android/UnusedStub.java,0:
/sample/src/com/twotoasters/clusterkraf/sample/SingleChoiceDialogFragment.java,1:
/sample/src/com/twotoasters/clusterkraf/sample/SampleActivity.java,18:
/sample/src/com/twotoasters/clusterkraf/sample/RandomPointsProvider.java,6:
/sample/src/com/twotoasters/clusterkraf/sample/DelayedIndeterminateProgressBarRunnable.java,1:
/sample/src/com/twotoasters/clusterkraf/sample/TwoToastersActivity.java,0:
/sample/src/com/twotoasters/clusterkraf/sample/AdvancedModeFragment.java,9:
/sample/src/com/twotoasters/clusterkraf/sample/MainActivity.java,1:
/sample/src/com/twotoasters/clusterkraf/sample/MarkerData.java,2:
/sample/src/com/twotoasters/clusterkraf/sample/ToastedOnMarkerClickDownstreamListener.java,1:
/sample/src/com/twotoasters/clusterkraf/sample/ToastedMarkerOptionsChooser.java,5:
/sample/src/com/twotoasters/clusterkraf/sample/NormalModeFragment.java,0:
/library/src/com/twotoasters/clusterkraf/ClusterPoint.java,4:
/library/src/com/twotoasters/clusterkraf/ClusteringTask.java,7:
/library/src/com/twotoasters/clusterkraf/ClusterTransitionsBuildingTask.java,5:
/library/src/com/twotoasters/clusterkraf/Clusterkraf.java,17:
/library/src/com/twotoasters/clusterkraf/MarkerOptionsChooser.java,2:
/library/src/com/twotoasters/clusterkraf/ClusterTransitions.java,6:
/library/src/com/twotoasters/clusterkraf/AnimatedTransition.java,4:
/library/src/com/twotoasters/clusterkraf/ClusterTransitionsAnimation.java,12:
/library/src/com/twotoasters/clusterkraf/InputPoint.java,1:
/library/src/com/twotoasters/clusterkraf/ClusteringOnCameraChangeListener.java,3:
/library/src/com/twotoasters/clusterkraf/BasePoint.java,2:
/library/src/com/twotoasters/clusterkraf/Options.java,19:
/library/src/com/twotoasters/clusterkraf/util/Distance.java,0:
/library/src/com/twotoasters/clusterkraf/ClustersBuilder.java,5:
