/app/src/main/java/com/pv/sample/MainActivity.java,4:
/app/src/main/java/com/pv/sample/AwesomeAdapter.java,6:
/library/src/main/java/com/pv/datetimeseer/SuggestionHandler.java,32:
/library/src/main/java/com/pv/datetimeseer/TimeSuggestionHandler.java,29:
/library/src/main/java/com/pv/datetimeseer/SuggestionValue.java,1:
/library/src/main/java/com/pv/datetimeseer/SuggestionRow.java,1:
/library/src/main/java/com/pv/datetimeseer/RelativeTimeSuggestionHandler.java,28:
/library/src/main/java/com/pv/datetimeseer/Constants.java,1:
/library/src/main/java/com/pv/datetimeseer/NumberRelativeTimeSuggestionHandler.java,21:
/library/src/main/java/com/pv/datetimeseer/InitialSuggestionHandler.java,16:
/library/src/main/java/com/pv/datetimeseer/DOWSuggestionHandler.java,22:
/library/src/main/java/com/pv/datetimeseer/Config.java,6:
/library/src/main/java/com/pv/datetimeseer/TODSuggestionHandler.java,15:
/library/src/main/java/com/pv/datetimeseer/DateTimeUtils.java,16:
/library/src/main/java/com/pv/datetimeseer/SeerFilter.java,5:
/library/src/main/java/com/pv/datetimeseer/DateSuggestionHandler.java,17:
