/app/src/main/java/cn/com/chaoba/rxjavademo/BaseActivity.java,8
/app/src/main/java/cn/com/chaoba/rxjavademo/custom/CustomActivity.java,10
/app/src/main/java/cn/com/chaoba/rxjavademo/connectable/RefCountActivity.java,9
/app/src/main/java/cn/com/chaoba/rxjavademo/connectable/ReplayActivity.java,11
/app/src/main/java/cn/com/chaoba/rxjavademo/connectable/PublishAndConnectActivity.java,8
/app/src/main/java/cn/com/chaoba/rxjavademo/Filtering/DistinctActivity.java,10
/app/src/main/java/cn/com/chaoba/rxjavademo/Filtering/SampleActivity.java,9
/app/src/main/java/cn/com/chaoba/rxjavademo/Filtering/FirstActivity.java,7
/app/src/main/java/cn/com/chaoba/rxjavademo/Filtering/ElementAtAndFilterActivity.java,8
/app/src/main/java/cn/com/chaoba/rxjavademo/Filtering/DebounceActivity.java,13
/app/src/main/java/cn/com/chaoba/rxjavademo/Filtering/SkipAndTakeActivity.java,8
/app/src/main/java/cn/com/chaoba/rxjavademo/aggregate/ConcatAndCountActivity.java,9
/app/src/main/java/cn/com/chaoba/rxjavademo/aggregate/Reducectivity.java,9
/app/src/main/java/cn/com/chaoba/rxjavademo/MainActivity.java,26
/app/src/main/java/cn/com/chaoba/rxjavademo/creatingobserver/SingleActivity.java,8
/app/src/main/java/cn/com/chaoba/rxjavademo/creatingobserver/RepeatAndTimerActivity.java,10
/app/src/main/java/cn/com/chaoba/rxjavademo/creatingobserver/CompletableActivity.java,10
/app/src/main/java/cn/com/chaoba/rxjavademo/creatingobserver/FromActivity.java,7
/app/src/main/java/cn/com/chaoba/rxjavademo/creatingobserver/DeferAndJustActivity.java,8
/app/src/main/java/cn/com/chaoba/rxjavademo/creatingobserver/CreateAndRangeActivity.java,8
/app/src/main/java/cn/com/chaoba/rxjavademo/creatingobserver/IntervalActivity.java,12
/app/src/main/java/cn/com/chaoba/rxjavademo/transforming/BufferActivity.java,8
/app/src/main/java/cn/com/chaoba/rxjavademo/transforming/GroupbyActivity.java,6
/app/src/main/java/cn/com/chaoba/rxjavademo/transforming/MapAndCastActivity.java,12
/app/src/main/java/cn/com/chaoba/rxjavademo/transforming/ScanActivity.java,10
/app/src/main/java/cn/com/chaoba/rxjavademo/transforming/WindowActivity.java,9
/app/src/main/java/cn/com/chaoba/rxjavademo/transforming/FlatMapActivity.java,9
/app/src/main/java/cn/com/chaoba/rxjavademo/scheduler/FromExecutorActivity.java,7
/app/src/main/java/cn/com/chaoba/rxjavademo/scheduler/SubscribeOnAndObserveOnActivity.java,10
/app/src/main/java/cn/com/chaoba/rxjavademo/errorhandling/OnErrorActivity.java,11
/app/src/main/java/cn/com/chaoba/rxjavademo/errorhandling/RetryActivity.java,13
/app/src/main/java/cn/com/chaoba/rxjavademo/errorhandling/OnExceptionActivity.java,12
/app/src/main/java/cn/com/chaoba/rxjavademo/combining/CombineLatestActivity.java,11
/app/src/main/java/cn/com/chaoba/rxjavademo/combining/JoinActivity.java,12
/app/src/main/java/cn/com/chaoba/rxjavademo/combining/StartWithAndSwitchActivity.java,10
/app/src/main/java/cn/com/chaoba/rxjavademo/combining/ZipActivity.java,8
/app/src/main/java/cn/com/chaoba/rxjavademo/combining/MergeActivity.java,13
/app/src/main/java/cn/com/chaoba/rxjavademo/utility/DoActivity.java,11
/app/src/main/java/cn/com/chaoba/rxjavademo/utility/MaterializeActivity.java,7
/app/src/main/java/cn/com/chaoba/rxjavademo/utility/TimeIntervalTimeStampActivity.java,8
/app/src/main/java/cn/com/chaoba/rxjavademo/utility/DelayActivity.java,10
/app/src/main/java/cn/com/chaoba/rxjavademo/utility/UsingActivity.java,15
/app/src/main/java/cn/com/chaoba/rxjavademo/utility/TimeoutActivity.java,11
/app/src/main/java/cn/com/chaoba/rxjavademo/conditional_boolean/DefaultIfEmptyActivity.java,8
/app/src/main/java/cn/com/chaoba/rxjavademo/conditional_boolean/ContainsActivity.java,9
/app/src/main/java/cn/com/chaoba/rxjavademo/conditional_boolean/AllAndAmbActivity.java,10
/app/src/main/java/cn/com/chaoba/rxjavademo/conditional_boolean/TakeUntilTakeWhileActivity.java,9
/app/src/main/java/cn/com/chaoba/rxjavademo/conditional_boolean/SkipUntilSkipWhileActivity.java,9
/app/src/main/java/cn/com/chaoba/rxjavademo/conditional_boolean/SequenceEqualActivity.java,8
