/app/src/main/java/top/wzmyyj/zymk/base/panel/BaseNestedScrollPanel.java,1
/app/src/main/java/top/wzmyyj/zymk/base/panel/BasePanel.java,1
/app/src/main/java/top/wzmyyj/zymk/base/panel/BaseBannerPanel.java,1
/app/src/main/java/top/wzmyyj/zymk/base/panel/BaseRecyclerPanel.java,1
/app/src/main/java/top/wzmyyj/zymk/base/activity/BaseActivity.java,6
/app/src/main/java/top/wzmyyj/zymk/base/activity/BaseMainActivity.java,0
/app/src/main/java/top/wzmyyj/zymk/base/application/BaseApplication.java,0
/app/src/main/java/top/wzmyyj/zymk/base/presenter/BasePresenter.java,1
/app/src/main/java/top/wzmyyj/zymk/base/fragment/BaseFragment.java,6
/app/src/main/java/top/wzmyyj/zymk/model/net/MoreModel.java,4
/app/src/main/java/top/wzmyyj/zymk/model/net/DetailsModel.java,4
/app/src/main/java/top/wzmyyj/zymk/model/net/MainModel.java,16
/app/src/main/java/top/wzmyyj/zymk/model/net/utils/DocUtil.java,56
/app/src/main/java/top/wzmyyj/zymk/model/net/utils/ReOk.java,0
/app/src/main/java/top/wzmyyj/zymk/model/net/ComicModel.java,0
/app/src/main/java/top/wzmyyj/zymk/model/net/box/DetailsBox.java,0
/app/src/main/java/top/wzmyyj/zymk/model/net/box/MoreBox.java,0
/app/src/main/java/top/wzmyyj/zymk/model/net/box/SearchBox.java,2
/app/src/main/java/top/wzmyyj/zymk/model/net/box/NewBox.java,0
/app/src/main/java/top/wzmyyj/zymk/model/net/box/ComicBox.java,19
/app/src/main/java/top/wzmyyj/zymk/model/net/box/TyBox.java,0
/app/src/main/java/top/wzmyyj/zymk/model/net/box/TypeBox.java,0
/app/src/main/java/top/wzmyyj/zymk/model/net/box/HomeBox.java,0
/app/src/main/java/top/wzmyyj/zymk/model/net/box/RankBox.java,0
/app/src/main/java/top/wzmyyj/zymk/model/net/TyModel.java,4
/app/src/main/java/top/wzmyyj/zymk/model/net/SearchModel.java,0
/app/src/main/java/top/wzmyyj/zymk/model/db/FavorModel.java,25
/app/src/main/java/top/wzmyyj/zymk/model/db/SearchHistoryModel.java,14
/app/src/main/java/top/wzmyyj/zymk/model/db/utils/DaoManager.java,7
/app/src/main/java/top/wzmyyj/zymk/model/db/dao/HistoryDb.java,0
/app/src/main/java/top/wzmyyj/zymk/model/db/dao/SearchHistoryDb.java,0
/app/src/main/java/top/wzmyyj/zymk/model/db/dao/FavorDb.java,0
/app/src/main/java/top/wzmyyj/zymk/model/db/HistoryModel.java,18
/app/src/main/java/top/wzmyyj/zymk/app/widget/AceNestedScrollView.java,23
/app/src/main/java/top/wzmyyj/zymk/app/event/FavorUnReadChangeEvent.java,0
/app/src/main/java/top/wzmyyj/zymk/app/event/HistoryListChangeEvent.java,0
/app/src/main/java/top/wzmyyj/zymk/app/event/DownloadListChangeEvent.java,0
/app/src/main/java/top/wzmyyj/zymk/app/event/FavorListChangeEvent.java,0
/app/src/main/java/top/wzmyyj/zymk/app/helper/target/FixResTarget.java,0
/app/src/main/java/top/wzmyyj/zymk/app/helper/target/PreLoadComicTarget.java,0
/app/src/main/java/top/wzmyyj/zymk/app/helper/target/LoadComicTarget.java,3
/app/src/main/java/top/wzmyyj/zymk/app/helper/GlideCacheHelper.java,29
/app/src/main/java/top/wzmyyj/zymk/app/helper/GlideLoaderHelper.java,1
/app/src/main/java/top/wzmyyj/zymk/app/helper/IntentHelper.java,0
/app/src/main/java/top/wzmyyj/zymk/app/application/App.java,0
/app/src/main/java/top/wzmyyj/zymk/app/data/Config.java,0
/app/src/main/java/top/wzmyyj/zymk/app/data/Urls.java,0
/app/src/main/java/top/wzmyyj/zymk/app/bean/FavorBean.java,0
/app/src/main/java/top/wzmyyj/zymk/app/bean/ChapterBean.java,0
/app/src/main/java/top/wzmyyj/zymk/app/bean/HistoryBean.java,0
/app/src/main/java/top/wzmyyj/zymk/app/bean/HuaBean.java,0
/app/src/main/java/top/wzmyyj/zymk/app/bean/AuthorBean.java,0
/app/src/main/java/top/wzmyyj/zymk/app/bean/ItemBean.java,11
/app/src/main/java/top/wzmyyj/zymk/app/bean/BookBean.java,4
/app/src/main/java/top/wzmyyj/zymk/app/bean/TypeBean.java,0
/app/src/main/java/top/wzmyyj/zymk/app/bean/DownloadBean.java,0
/app/src/main/java/top/wzmyyj/zymk/app/bean/FansBean.java,0
/app/src/main/java/top/wzmyyj/zymk/app/bean/SearchHistoryBean.java,0
/app/src/main/java/top/wzmyyj/zymk/app/bean/MuBean.java,0
/app/src/main/java/top/wzmyyj/zymk/app/bean/ComicBean.java,0
/app/src/main/java/top/wzmyyj/zymk/app/bean/ZiBean.java,0
/app/src/main/java/top/wzmyyj/zymk/app/bean/BoBean.java,0
/app/src/main/java/top/wzmyyj/zymk/app/bean/XiBean.java,0
/app/src/main/java/top/wzmyyj/zymk/presenter/MorePresenter.java,2
/app/src/main/java/top/wzmyyj/zymk/presenter/HomePresenter.java,16
/app/src/main/java/top/wzmyyj/zymk/presenter/SearchPresenter.java,8
/app/src/main/java/top/wzmyyj/zymk/presenter/NewPresenter.java,2
/app/src/main/java/top/wzmyyj/zymk/presenter/SettingPresenter.java,1
/app/src/main/java/top/wzmyyj/zymk/presenter/ResultPresenter.java,3
/app/src/main/java/top/wzmyyj/zymk/presenter/DetailsPresenter.java,6
/app/src/main/java/top/wzmyyj/zymk/presenter/RankPresenter.java,2
/app/src/main/java/top/wzmyyj/zymk/presenter/FindPresenter.java,2
/app/src/main/java/top/wzmyyj/zymk/presenter/ComicPresenter.java,7
/app/src/main/java/top/wzmyyj/zymk/presenter/MinePresenter.java,0
/app/src/main/java/top/wzmyyj/zymk/presenter/LaunchPresenter.java,0
/app/src/main/java/top/wzmyyj/zymk/presenter/TypePresenter.java,0
/app/src/main/java/top/wzmyyj/zymk/view/panel/ComicRecyclerPanel.java,91
/app/src/main/java/top/wzmyyj/zymk/view/panel/DownloadRecyclerPanel.java,16
/app/src/main/java/top/wzmyyj/zymk/view/panel/FavorRecyclerPanel.java,23
/app/src/main/java/top/wzmyyj/zymk/view/panel/ResultRecyclerPanel.java,7
/app/src/main/java/top/wzmyyj/zymk/view/panel/DetailsZiPanel.java,6
/app/src/main/java/top/wzmyyj/zymk/view/panel/HomeNestedScrollPanel.java,6
/app/src/main/java/top/wzmyyj/zymk/view/panel/HomeBannerPanel.java,5
/app/src/main/java/top/wzmyyj/zymk/view/panel/ComicMenuPanel.java,71
/app/src/main/java/top/wzmyyj/zymk/view/panel/NewRecyclerPanel.java,1
/app/src/main/java/top/wzmyyj/zymk/view/panel/DetailsXiPanel.java,7
/app/src/main/java/top/wzmyyj/zymk/view/panel/ComicLoadPosePanel.java,10
/app/src/main/java/top/wzmyyj/zymk/view/panel/FindRecyclerPanel.java,37
/app/src/main/java/top/wzmyyj/zymk/view/panel/MoreRecyclerPanel.java,5
/app/src/main/java/top/wzmyyj/zymk/view/panel/MineNestedScrollPanel.java,0
/app/src/main/java/top/wzmyyj/zymk/view/panel/HomeFavorPanel.java,6
/app/src/main/java/top/wzmyyj/zymk/view/panel/RankRecyclerPanel.java,10
/app/src/main/java/top/wzmyyj/zymk/view/panel/DetailsMuPanel.java,20
/app/src/main/java/top/wzmyyj/zymk/view/panel/HomeItemPanel.java,3
/app/src/main/java/top/wzmyyj/zymk/view/panel/TypeRecyclerPanel.java,2
/app/src/main/java/top/wzmyyj/zymk/view/panel/HistoryRecyclerPanel.java,17
/app/src/main/java/top/wzmyyj/zymk/view/activity/LaunchActivity.java,0
/app/src/main/java/top/wzmyyj/zymk/view/activity/RankActivity.java,1
/app/src/main/java/top/wzmyyj/zymk/view/activity/MoreActivity.java,1
/app/src/main/java/top/wzmyyj/zymk/view/activity/MainActivity.java,0
/app/src/main/java/top/wzmyyj/zymk/view/activity/ResultActivity.java,1
/app/src/main/java/top/wzmyyj/zymk/view/activity/ComicActivity.java,0
/app/src/main/java/top/wzmyyj/zymk/view/activity/SearchActivity.java,23
/app/src/main/java/top/wzmyyj/zymk/view/activity/SettingActivity.java,2
/app/src/main/java/top/wzmyyj/zymk/view/activity/DetailsActivity.java,13
/app/src/main/java/top/wzmyyj/zymk/view/activity/NewActivity.java,1
/app/src/main/java/top/wzmyyj/zymk/view/adapter/BookAdapter.java,0
/app/src/main/java/top/wzmyyj/zymk/view/adapter/HuaAdapter.java,6
/app/src/main/java/top/wzmyyj/zymk/view/fragment/TypeFragment.java,1
/app/src/main/java/top/wzmyyj/zymk/view/fragment/FindFragment.java,11
/app/src/main/java/top/wzmyyj/zymk/view/fragment/HomeFragment.java,2
/app/src/main/java/top/wzmyyj/zymk/view/fragment/MineFragment.java,0
/wzm_sdk/src/main/java/top/wzmyyj/wzm_sdk/panel/NestedScrollPanel.java,0
/wzm_sdk/src/main/java/top/wzmyyj/wzm_sdk/panel/Panel.java,10
/wzm_sdk/src/main/java/top/wzmyyj/wzm_sdk/panel/RecyclerPanel.java,11
/wzm_sdk/src/main/java/top/wzmyyj/wzm_sdk/panel/BannerPanel.java,0
/wzm_sdk/src/main/java/top/wzmyyj/wzm_sdk/panel/InitPanel.java,0
/wzm_sdk/src/main/java/top/wzmyyj/wzm_sdk/panel/PanelManager.java,29
/wzm_sdk/src/main/java/top/wzmyyj/wzm_sdk/widget/FixedSpeedScroller.java,0
/wzm_sdk/src/main/java/top/wzmyyj/wzm_sdk/widget/CircleImageView.java,15
/wzm_sdk/src/main/java/top/wzmyyj/wzm_sdk/widget/TabMenu.java,40
/wzm_sdk/src/main/java/top/wzmyyj/wzm_sdk/activity/InitActivity.java,0
/wzm_sdk/src/main/java/top/wzmyyj/wzm_sdk/activity/PanelActivity.java,8
/wzm_sdk/src/main/java/top/wzmyyj/wzm_sdk/activity/ViewPagerFragmentActivity.java,6
/wzm_sdk/src/main/java/top/wzmyyj/wzm_sdk/application/WZM_Application.java,0
/wzm_sdk/src/main/java/top/wzmyyj/wzm_sdk/utils/RandomSortUtil.java,10
/wzm_sdk/src/main/java/top/wzmyyj/wzm_sdk/utils/StatusBarUtil.java,12
/wzm_sdk/src/main/java/top/wzmyyj/wzm_sdk/utils/AdaptScreenUtil.java,31
/wzm_sdk/src/main/java/top/wzmyyj/wzm_sdk/utils/TimeUtil.java,11
/wzm_sdk/src/main/java/top/wzmyyj/wzm_sdk/utils/MockUtil.java,1
/wzm_sdk/src/main/java/top/wzmyyj/wzm_sdk/utils/DensityUtil.java,0
/wzm_sdk/src/main/java/top/wzmyyj/wzm_sdk/utils/PackageUtil.java,2
/wzm_sdk/src/main/java/top/wzmyyj/wzm_sdk/tools/A.java,2
/wzm_sdk/src/main/java/top/wzmyyj/wzm_sdk/tools/L.java,10
/wzm_sdk/src/main/java/top/wzmyyj/wzm_sdk/tools/P.java,12
/wzm_sdk/src/main/java/top/wzmyyj/wzm_sdk/tools/T.java,2
/wzm_sdk/src/main/java/top/wzmyyj/wzm_sdk/adapter/ViewTitlePagerAdapter.java,2
/wzm_sdk/src/main/java/top/wzmyyj/wzm_sdk/adapter/ivd/SingleIVD.java,0
/wzm_sdk/src/main/java/top/wzmyyj/wzm_sdk/fragment/PanelFragment.java,8
/wzm_sdk/src/main/java/top/wzmyyj/wzm_sdk/fragment/InitFragment.java,1
