/base/src/main/java/com/owo/base/util/WindowUtil.java,0:
/base/src/main/java/com/owo/base/util/ViewUtil.java,0:
/base/src/main/java/com/owo/base/util/UIHandler.java,0:
/base/src/main/java/com/owo/base/util/AnimatorUtil.java,0:
/base/src/main/java/com/owo/base/util/ScreenUtil.java,0:
/base/src/main/java/com/owo/base/util/ReflectUtil.java,0:
/base/src/main/java/com/owo/base/util/UIUtil.java,0:
/base/src/main/java/com/owo/base/util/RandomUtil.java,0:
/base/src/main/java/com/owo/base/util/DrawableUtil.java,0:
/demo/src/main/java/com/owo/bom/main/MainActivity.java,0:
/demo/src/main/java/com/owo/bom/main/covers/BezierCoverView.java,0:
/demo/src/main/java/com/owo/bom/base/DataItem.java,0:
/demo/src/main/java/com/owo/bom/base/GroupDataItem.java,0:
/demo/src/main/java/com/owo/bom/base/DisplayActivity.java,0:
/demo/src/main/java/com/owo/bom/base/CompositeAdapter.java,0:
/demo/src/main/java/com/owo/bom/base/ListDataAdapter.java,0:
/demo/src/main/java/com/owo/bom/base/SelfDrawView.java,0:
/demo/src/main/java/com/owo/bom/base/TitleDataAdapter.java,0:
/demo/src/main/java/com/owo/bom/base/ItemView.java,0:
/demo/src/main/java/com/owo/bom/fish_tank/SunView.java,0:
/demo/src/main/java/com/owo/bom/fish_tank/FishTank.java,0:
/demo/src/main/java/com/owo/bom/fish_tank/WaterGrassGroupDrawerView.java,0:
/demo/src/main/java/com/owo/bom/fish_tank/DandelionView.java,0:
/demo/src/main/java/com/owo/bom/fish_tank/WaterGrassDrawer.java,0:
/demo/src/main/java/com/owo/bom/fish_tank/RoundShape.java,0:
/demo/src/main/java/com/owo/bom/lace/impl/Spiral2View.java,0:
/demo/src/main/java/com/owo/bom/lace/impl/CircleProgressView.java,0:
/demo/src/main/java/com/owo/bom/lace/impl/SampleLaceActivity.java,0:
/demo/src/main/java/com/owo/bom/lace/impl/LaceSampleViewFactory.java,0:
/demo/src/main/java/com/owo/bom/lace/impl/Lace.java,0:
/demo/src/main/java/com/owo/bom/lace/LaceGroupAdapter.java,0:
/demo/src/main/java/com/owo/bom/lace/LaceConstants.java,0:
/demo/src/main/java/com/owo/bom/lace/LaceActivity.java,0:
/demo/src/main/java/com/owo/bom/SCActivity.java,0:
/demo/src/main/java/com/owo/bom/bezier/BezierGroupAdapter.java,0:
/demo/src/main/java/com/owo/bom/bezier/impl/SampleBezierActivity.java,0:
/demo/src/main/java/com/owo/bom/bezier/impl/SampleBezierViewLevel2.java,0:
/demo/src/main/java/com/owo/bom/bezier/impl/DragViewInscribe.java,0:
/demo/src/main/java/com/owo/bom/bezier/impl/PrincipleView.java,0:
/demo/src/main/java/com/owo/bom/bezier/impl/SeekBarLayout.java,0:
/demo/src/main/java/com/owo/bom/bezier/impl/BezierView.java,0:
/demo/src/main/java/com/owo/bom/bezier/impl/FLowerLayout.java,0:
/demo/src/main/java/com/owo/bom/bezier/impl/WaveView.java,0:
/demo/src/main/java/com/owo/bom/bezier/impl/PageTurnView.java,0:
/demo/src/main/java/com/owo/bom/bezier/impl/SampleBezierViewLevel3.java,0:
/demo/src/main/java/com/owo/bom/bezier/impl/DragViewCircumscribe.java,0:
/demo/src/main/java/com/owo/bom/bezier/impl/BezierSampleViewFactory.java,0:
/demo/src/main/java/com/owo/bom/bezier/BezierConstants.java,0:
/demo/src/main/java/com/owo/bom/bezier/BezierActivity.java,0:
/demo/src/main/java/com/owo/bom/test/TestActivity.java,0:
/demo/src/main/java/com/owo/bom/test/TestView.java,0:
/demo/src/main/java/com/owo/bom/test/ViewHelper.java,0:
/demo/src/main/java/com/owo/bom/test/AnimatorProxy.java,0:
/demo/src/main/java/com/owo/bom/test/CameraController.java,0:
/demo/src/main/java/com/owo/bom/test/TestLayout.java,0:
/demo/src/main/java/com/owo/bom/test/TestP2PView.java,0:
/demo/src/main/java/com/owo/bom/test/TestCamera.java,0:
/demo/src/main/java/com/owo/bom/App.java,0:
/bom/src/main/java/owo/bom/CircleMarkView.java,0:
/bom/src/main/java/owo/bom/MatrixView.java,0:
/bom/src/main/java/owo/bom/InvoluteView.java,0:
/bom/src/main/java/owo/bom/BezierView.java,0:
/bom/src/main/java/owo/bom/HeartView.java,0:
/bom/src/main/java/owo/bom/AxisView.java,0:
/bom/src/main/java/owo/bom/ArrowView.java,0:
/bom/src/main/java/owo/bom/WaterDropView2.java,0:
/bom/src/main/java/owo/bom/GrassView.java,0:
/bom/src/main/java/owo/bom/Y_ax_b_View.java,0:
/bom/src/main/java/owo/bom/CloverView.java,0:
/bom/src/main/java/owo/bom/DropVIew.java,0:
/bom/src/main/java/owo/bom/AnimatedAxisView.java,0:
/bom/src/main/java/owo/bom/sincos_View.java,0:
/bom/src/main/java/owo/bom/VerticalView.java,0:
/bom/src/main/java/owo/bom/drawer/CircleBezierDrawerCircumscribe.java,0:
/bom/src/main/java/owo/bom/drawer/Flower2Drawer.java,0:
/bom/src/main/java/owo/bom/drawer/WaterDrawer.java,0:
/bom/src/main/java/owo/bom/drawer/CircleBezierDrawerInscribe.java,0:
/bom/src/main/java/owo/bom/drawer/FlowerDrawer.java,0:
/bom/src/main/java/owo/bom/drawer/BezierControlPointsMaker.java,0:
/bom/src/main/java/owo/bom/drawer/AnyBezierDrawer.java,0:
/bom/src/main/java/owo/bom/axis/Axis.java,0:
/bom/src/main/java/owo/bom/axis/TextConfig.java,0:
/bom/src/main/java/owo/bom/axis/Arrow.java,0:
/bom/src/main/java/owo/bom/axis/LineConfig.java,0:
/bom/src/main/java/owo/bom/StarView.java,0:
/bom/src/main/java/owo/bom/Bezier.java,0:
/bom/src/main/java/owo/bom/SpiralView.java,0:
/bom/src/main/java/owo/bom/decor/RectDecorView.java,0:
/bom/src/main/java/owo/bom/decor/BezierDecorView.java,0:
/bom/src/main/java/owo/bom/decor/CircleDecorView.java,0:
/bom/src/main/java/owo/bom/splash/DrawDirector.java,0:
/bom/src/main/java/owo/bom/splash/CircleToCrossDrawer.java,0:
/bom/src/main/java/owo/bom/splash/SplashDrawerDirector.java,0:
/bom/src/main/java/owo/bom/splash/PointToCircleDrawer.java,0:
/bom/src/main/java/owo/bom/splash/AnimatedDrawerSection.java,0:
/bom/src/main/java/owo/bom/splash/BaseDrawer.java,0:
/bom/src/main/java/owo/bom/splash/CrossToAxisDrawer.java,0:
/bom/src/main/java/owo/bom/WaterDropView.java,0:
/bom/src/main/java/owo/bom/drawable/BaseDrawable.java,0:
