/tests/common/src/main/java/org/hawkular/apm/tests/common/ClientTestBase.java,1
/tests/common/src/main/java/org/hawkular/apm/tests/common/Wait.java,2
/tests/common/src/main/java/org/hawkular/apm/tests/common/ApmMockServer.java,1
/tests/app/polyglot-opentracing/java/src/main/java/org/hawkular/apm/tests/app/polyglot/swarm/cdi/TracerProducer.java,0
/tests/app/polyglot-opentracing/java/src/main/java/org/hawkular/apm/tests/app/polyglot/swarm/rest/RestApplication.java,0
/tests/app/polyglot-opentracing/java/src/main/java/org/hawkular/apm/tests/app/polyglot/swarm/rest/HelloHandler.java,0
/tests/app/polyglot-opentracing/java/src/main/java/org/hawkular/apm/tests/app/polyglot/swarm/rest/UsersHandler.java,0
/tests/app/polyglot-opentracing/java/src/main/java/org/hawkular/apm/tests/app/polyglot/swarm/rest/Utils.java,4
/tests/instrumentation-framework/src/main/java/org/hawkular/apm/tests/dockerized/JsonPathVerifier.java,1
/tests/instrumentation-framework/src/main/java/org/hawkular/apm/tests/dockerized/TestScenariosFinder.java,3
/tests/instrumentation-framework/src/main/java/org/hawkular/apm/tests/dockerized/model/TestCase.java,0
/tests/instrumentation-framework/src/main/java/org/hawkular/apm/tests/dockerized/model/TestEnvironment.java,0
/tests/instrumentation-framework/src/main/java/org/hawkular/apm/tests/dockerized/model/TestCaseVerify.java,0
/tests/instrumentation-framework/src/main/java/org/hawkular/apm/tests/dockerized/model/TestScenario.java,3
/tests/instrumentation-framework/src/main/java/org/hawkular/apm/tests/dockerized/model/JsonPathVerify.java,0
/tests/instrumentation-framework/src/main/java/org/hawkular/apm/tests/dockerized/environment/TestEnvironmentExecutor.java,0
/tests/instrumentation-framework/src/main/java/org/hawkular/apm/tests/dockerized/environment/AbstractDockerBasedEnvironment.java,1
/tests/instrumentation-framework/src/main/java/org/hawkular/apm/tests/dockerized/environment/DockerComposeExecutor.java,1
/tests/instrumentation-framework/src/main/java/org/hawkular/apm/tests/dockerized/environment/DockerImageExecutor.java,1
/tests/instrumentation-framework/src/main/java/org/hawkular/apm/tests/dockerized/TestScenarioRunner.java,1
/tests/instrumentation-framework/src/main/java/org/hawkular/apm/tests/dockerized/exception/TestFailException.java,0
/tests/instrumentation-framework/src/main/java/org/hawkular/apm/tests/dockerized/exception/EnvironmentException.java,0
/tests/instrumentation-framework/src/main/java/org/hawkular/apm/tests/dockerized/InterfaceIpV4Address.java,1
/tests/container/standalone/src/main/java/org/hawkular/apm/tests/client/jav/TopLevelService.java,0
/tests/container/standalone/src/main/java/org/hawkular/apm/tests/client/jav/ClientJavaMain.java,1
/tests/container/standalone/src/main/java/org/hawkular/apm/tests/client/jav/InnerService.java,0
/api/src/main/java/org/hawkular/apm/api/model/Constants.java,0
/api/src/main/java/org/hawkular/apm/api/model/config/txn/AddContentAction.java,0
/api/src/main/java/org/hawkular/apm/api/model/config/txn/XMLExpression.java,0
/api/src/main/java/org/hawkular/apm/api/model/config/txn/SetPropertyAction.java,0
/api/src/main/java/org/hawkular/apm/api/model/config/txn/Processor.java,0
/api/src/main/java/org/hawkular/apm/api/model/config/txn/JSONExpression.java,0
/api/src/main/java/org/hawkular/apm/api/model/config/txn/EvaluateURIAction.java,0
/api/src/main/java/org/hawkular/apm/api/model/config/txn/Filter.java,0
/api/src/main/java/org/hawkular/apm/api/model/config/txn/ProcessorAction.java,0
/api/src/main/java/org/hawkular/apm/api/model/config/txn/LiteralExpression.java,0
/api/src/main/java/org/hawkular/apm/api/model/config/txn/TextExpression.java,0
/api/src/main/java/org/hawkular/apm/api/model/config/txn/DataExpression.java,0
/api/src/main/java/org/hawkular/apm/api/model/config/txn/AddCorrelationIdAction.java,0
/api/src/main/java/org/hawkular/apm/api/model/config/txn/ConfigMessage.java,0
/api/src/main/java/org/hawkular/apm/api/model/config/txn/TransactionSummary.java,0
/api/src/main/java/org/hawkular/apm/api/model/config/txn/Expression.java,0
/api/src/main/java/org/hawkular/apm/api/model/config/txn/TransactionConfig.java,0
/api/src/main/java/org/hawkular/apm/api/model/config/txn/ExpressionBasedAction.java,0
/api/src/main/java/org/hawkular/apm/api/model/config/CollectorConfiguration.java,5
/api/src/main/java/org/hawkular/apm/api/model/config/instrumentation/InstrumentRule.java,0
/api/src/main/java/org/hawkular/apm/api/model/config/instrumentation/Instrumentation.java,0
/api/src/main/java/org/hawkular/apm/api/model/config/instrumentation/jvm/Suppress.java,0
/api/src/main/java/org/hawkular/apm/api/model/config/instrumentation/jvm/Correlate.java,0
/api/src/main/java/org/hawkular/apm/api/model/config/instrumentation/jvm/SetTransaction.java,0
/api/src/main/java/org/hawkular/apm/api/model/config/instrumentation/jvm/InstrumentComponent.java,0
/api/src/main/java/org/hawkular/apm/api/model/config/instrumentation/jvm/ProcessHeaders.java,0
/api/src/main/java/org/hawkular/apm/api/model/config/instrumentation/jvm/CompleteCorrelation.java,0
/api/src/main/java/org/hawkular/apm/api/model/config/instrumentation/jvm/InstrumentAction.java,0
/api/src/main/java/org/hawkular/apm/api/model/config/instrumentation/jvm/JVM.java,8
/api/src/main/java/org/hawkular/apm/api/model/config/instrumentation/jvm/InstrumentBind.java,0
/api/src/main/java/org/hawkular/apm/api/model/config/instrumentation/jvm/FreeFormAction.java,0
/api/src/main/java/org/hawkular/apm/api/model/config/instrumentation/jvm/SetProperty.java,0
/api/src/main/java/org/hawkular/apm/api/model/config/instrumentation/jvm/SetState.java,0
/api/src/main/java/org/hawkular/apm/api/model/config/instrumentation/jvm/IgnoreNode.java,0
/api/src/main/java/org/hawkular/apm/api/model/config/instrumentation/jvm/SessionAction.java,0
/api/src/main/java/org/hawkular/apm/api/model/config/instrumentation/jvm/CollectorAction.java,0
/api/src/main/java/org/hawkular/apm/api/model/config/instrumentation/jvm/AssertComplete.java,0
/api/src/main/java/org/hawkular/apm/api/model/config/instrumentation/jvm/InstrumentProducer.java,0
/api/src/main/java/org/hawkular/apm/api/model/config/instrumentation/jvm/Deactivate.java,0
/api/src/main/java/org/hawkular/apm/api/model/config/instrumentation/jvm/ProcessContent.java,0
/api/src/main/java/org/hawkular/apm/api/model/config/instrumentation/jvm/InitiateCorrelation.java,0
/api/src/main/java/org/hawkular/apm/api/model/config/instrumentation/jvm/SetTraceId.java,0
/api/src/main/java/org/hawkular/apm/api/model/config/instrumentation/jvm/SetLevel.java,0
/api/src/main/java/org/hawkular/apm/api/model/config/instrumentation/jvm/InstrumentConsumer.java,0
/api/src/main/java/org/hawkular/apm/api/model/config/instrumentation/jvm/Unlink.java,0
/api/src/main/java/org/hawkular/apm/api/model/Property.java,1
/api/src/main/java/org/hawkular/apm/api/model/analytics/TransactionInfo.java,5
/api/src/main/java/org/hawkular/apm/api/model/analytics/Cardinality.java,0
/api/src/main/java/org/hawkular/apm/api/model/analytics/TimeseriesStatistics.java,0
/api/src/main/java/org/hawkular/apm/api/model/analytics/NodeTimeseriesStatistics.java,0
/api/src/main/java/org/hawkular/apm/api/model/analytics/PropertyInfo.java,0
/api/src/main/java/org/hawkular/apm/api/model/analytics/NodeSummaryStatistics.java,0
/api/src/main/java/org/hawkular/apm/api/model/analytics/BuildStamp.java,1
/api/src/main/java/org/hawkular/apm/api/model/analytics/Percentiles.java,0
/api/src/main/java/org/hawkular/apm/api/model/analytics/ServiceDeployment.java,2
/api/src/main/java/org/hawkular/apm/api/model/analytics/CommunicationSummaryStatistics.java,1
/api/src/main/java/org/hawkular/apm/api/model/analytics/EndpointInfo.java,2
/api/src/main/java/org/hawkular/apm/api/model/trace/Component.java,2
/api/src/main/java/org/hawkular/apm/api/model/trace/InteractionNode.java,1
/api/src/main/java/org/hawkular/apm/api/model/trace/Consumer.java,2
/api/src/main/java/org/hawkular/apm/api/model/trace/Trace.java,1
/api/src/main/java/org/hawkular/apm/api/model/trace/Message.java,4
/api/src/main/java/org/hawkular/apm/api/model/trace/Node.java,1
/api/src/main/java/org/hawkular/apm/api/model/trace/Producer.java,2
/api/src/main/java/org/hawkular/apm/api/model/trace/ContainerNode.java,1
/api/src/main/java/org/hawkular/apm/api/model/trace/Content.java,4
/api/src/main/java/org/hawkular/apm/api/model/trace/CorrelationIdentifier.java,4
/api/src/main/java/org/hawkular/apm/api/model/events/CommunicationDetails.java,3
/api/src/main/java/org/hawkular/apm/api/model/events/EndpointRef.java,1
/api/src/main/java/org/hawkular/apm/api/model/events/CompletionTime.java,3
/api/src/main/java/org/hawkular/apm/api/model/events/SourceInfo.java,3
/api/src/main/java/org/hawkular/apm/api/model/events/NodeDetails.java,3
/api/src/main/java/org/hawkular/apm/api/logging/Logger.java,2
/api/src/main/java/org/hawkular/apm/api/utils/PropertyUtil.java,1
/api/src/main/java/org/hawkular/apm/api/utils/TimeUtil.java,0
/api/src/main/java/org/hawkular/apm/api/utils/NodeUtil.java,2
/api/src/main/java/org/hawkular/apm/api/utils/EndpointUtil.java,1
/api/src/main/java/org/hawkular/apm/api/internal/actions/ExpressionHandler.java,0
/api/src/main/java/org/hawkular/apm/api/internal/actions/helpers/XML.java,1
/api/src/main/java/org/hawkular/apm/api/internal/actions/helpers/JSON.java,10
/api/src/main/java/org/hawkular/apm/api/internal/actions/helpers/Text.java,3
/api/src/main/java/org/hawkular/apm/api/internal/actions/TextExpressionHandler.java,1
/api/src/main/java/org/hawkular/apm/api/internal/actions/AddCorrelationIdActionHandler.java,3
/api/src/main/java/org/hawkular/apm/api/internal/actions/ProcessorActionHandlerFactory.java,3
/api/src/main/java/org/hawkular/apm/api/internal/actions/ExpressionHandlerFactory.java,3
/api/src/main/java/org/hawkular/apm/api/internal/actions/DataExpressionHandler.java,1
/api/src/main/java/org/hawkular/apm/api/internal/actions/ProcessorActionHandler.java,1
/api/src/main/java/org/hawkular/apm/api/internal/actions/EvaluateURIActionHandler.java,2
/api/src/main/java/org/hawkular/apm/api/internal/actions/XMLExpressionHandler.java,0
/api/src/main/java/org/hawkular/apm/api/internal/actions/JSONExpressionHandler.java,0
/api/src/main/java/org/hawkular/apm/api/internal/actions/AddContentActionHandler.java,2
/api/src/main/java/org/hawkular/apm/api/internal/actions/LiteralExpressionHandler.java,5
/api/src/main/java/org/hawkular/apm/api/internal/actions/SetPropertyActionHandler.java,2
/api/src/main/java/org/hawkular/apm/api/internal/actions/ExpressionBasedActionHandler.java,1
/api/src/main/java/org/hawkular/apm/api/services/internal/CommunicationSummaryTreeBuilder.java,6
/api/src/main/java/org/hawkular/apm/api/services/internal/CommunicationSeverityAnalyser.java,4
/api/src/main/java/org/hawkular/apm/api/services/StoreException.java,0
/api/src/main/java/org/hawkular/apm/api/services/AbstractAnalyticsService.java,1
/api/src/main/java/org/hawkular/apm/api/services/ConfigurationLoader.java,12
/api/src/main/java/org/hawkular/apm/api/services/Criteria.java,1
/api/src/main/java/org/hawkular/apm/api/services/AbstractConfigurationService.java,1
/api/src/main/java/org/hawkular/apm/api/services/ServiceResolver.java,4
/client/opentracing/src/main/java/org/hawkular/apm/client/opentracing/TraceContext.java,1
/client/opentracing/src/main/java/org/hawkular/apm/client/opentracing/DeploymentMetaData.java,2
/client/opentracing/src/main/java/org/hawkular/apm/client/opentracing/NodeBuilder.java,4
/client/opentracing/src/main/java/org/hawkular/apm/client/opentracing/TagUtil.java,1
/client/opentracing/src/main/java/org/hawkular/apm/client/opentracing/DefaultNodeProcessor.java,15
/client/opentracing/src/main/java/org/hawkular/apm/client/opentracing/EnvironmentAwareTraceRecorder.java,1
/client/opentracing/src/main/java/org/hawkular/apm/client/opentracing/APMTracer.java,1
/client/opentracing/src/main/java/io/opentracing/impl/APMSpanBuilder.java,0
/client/opentracing/src/main/java/io/opentracing/impl/AbstractAPMTracer.java,1
/client/opentracing/src/main/java/io/opentracing/impl/APMSpan.java,1
/client/agent-opentracing/src/main/java/org/hawkular/apm/agent/opentracing/OpenTracingManager.java,1
/client/agent-opentracing/src/main/java/org/hawkular/apm/agent/opentracing/OpenTracingAgent.java,3
/client/agent-opentracing/src/main/java/org/hawkular/apm/agent/opentracing/propagation/HttpURLConnectionInjectAdapter.java,0
/client/agent-opentracing/src/main/java/org/hawkular/apm/agent/opentracing/propagation/HttpServletRequestExtractAdapter.java,4
/client/agent-opentracing/src/main/java/org/hawkular/apm/agent/opentracing/propagation/JMSMessageInjectAdapter.java,2
/client/agent-opentracing/src/main/java/org/hawkular/apm/agent/opentracing/propagation/MapInjectAdapter.java,0
/client/agent-opentracing/src/main/java/org/hawkular/apm/agent/opentracing/propagation/MapExtractAdapter.java,0
/client/agent-opentracing/src/main/java/org/hawkular/apm/agent/opentracing/propagation/JMSMessageExtractAdapter.java,2
/client/agent-opentracing/src/main/java/org/hawkular/apm/agent/opentracing/propagation/HttpMessageInjectAdapter.java,2
/client/agent-opentracing/src/main/java/org/hawkular/apm/agent/opentracing/OpenTracingRuleLoader.java,3
/client/kafka/src/main/java/org/hawkular/apm/client/kafka/AbstractPublisherKafka.java,1
/client/kafka/src/main/java/org/hawkular/apm/client/kafka/TracePublisherKafka.java,0
/client/trace-service-rest-client/src/main/java/org/hawkular/apm/trace/service/rest/client/TraceServiceRESTClient.java,0
/client/instrumenter/src/main/java/org/hawkular/apm/instrumenter/headers/JbossResteasyHeadersAccessor.java,3
/client/instrumenter/src/main/java/org/hawkular/apm/instrumenter/headers/IterableMapEntryHeadersAccessor.java,4
/client/instrumenter/src/main/java/org/hawkular/apm/instrumenter/headers/JbossSwitchyardHeadersAccessor.java,6
/client/instrumenter/src/main/java/org/hawkular/apm/instrumenter/headers/JavaxJmsHeadersAccessor.java,6
/client/instrumenter/src/main/java/org/hawkular/apm/instrumenter/headers/ApacheHttpclientHeadersAccessor.java,4
/client/instrumenter/src/main/java/org/hawkular/apm/instrumenter/headers/JavaxServletHeadersAccessor.java,4
/client/instrumenter/src/main/java/org/hawkular/apm/instrumenter/rules/SuppressTransformer.java,0
/client/instrumenter/src/main/java/org/hawkular/apm/instrumenter/rules/InitiateCorrelationTransformer.java,0
/client/instrumenter/src/main/java/org/hawkular/apm/instrumenter/rules/IgnoreNodeTransformer.java,0
/client/instrumenter/src/main/java/org/hawkular/apm/instrumenter/rules/CollectorActionTransformer.java,5
/client/instrumenter/src/main/java/org/hawkular/apm/instrumenter/rules/ProcessContentTransformer.java,3
/client/instrumenter/src/main/java/org/hawkular/apm/instrumenter/rules/RuleTransformer.java,64
/client/instrumenter/src/main/java/org/hawkular/apm/instrumenter/rules/AssertCompleteTransformer.java,0
/client/instrumenter/src/main/java/org/hawkular/apm/instrumenter/rules/UnlinkTransformer.java,0
/client/instrumenter/src/main/java/org/hawkular/apm/instrumenter/rules/CorrelateTransformer.java,0
/client/instrumenter/src/main/java/org/hawkular/apm/instrumenter/rules/FreeFormActionTransformer.java,0
/client/instrumenter/src/main/java/org/hawkular/apm/instrumenter/rules/SetStateTransformer.java,4
/client/instrumenter/src/main/java/org/hawkular/apm/instrumenter/rules/SetLevelTransformer.java,2
/client/instrumenter/src/main/java/org/hawkular/apm/instrumenter/rules/ProcessHeadersTransformer.java,4
/client/instrumenter/src/main/java/org/hawkular/apm/instrumenter/rules/SetTraceIdTransformer.java,2
/client/instrumenter/src/main/java/org/hawkular/apm/instrumenter/rules/SetTransactionTransformer.java,2
/client/instrumenter/src/main/java/org/hawkular/apm/instrumenter/rules/DeactivateTransformer.java,0
/client/instrumenter/src/main/java/org/hawkular/apm/instrumenter/rules/SetPropertyTransformer.java,2
/client/instrumenter/src/main/java/org/hawkular/apm/instrumenter/rules/CompleteCorrelationTransformer.java,0
/client/instrumenter/src/main/java/org/hawkular/apm/instrumenter/rules/InstrumentProducerTransformer.java,2
/client/instrumenter/src/main/java/org/hawkular/apm/instrumenter/rules/InstrumentComponentTransformer.java,0
/client/instrumenter/src/main/java/org/hawkular/apm/instrumenter/rules/InstrumentConsumerTransformer.java,2
/client/instrumenter/src/main/java/org/hawkular/apm/instrumenter/io/InstrumentedOutputStream.java,1
/client/instrumenter/src/main/java/org/hawkular/apm/instrumenter/io/InstrumentedInputStream.java,1
/client/instrumenter/src/main/java/org/hawkular/apm/instrumenter/ArrayBuilder.java,1
/client/instrumenter/src/main/java/org/hawkular/apm/instrumenter/ClientManager.java,3
/client/instrumenter/src/main/java/org/hawkular/apm/instrumenter/RuleHelper.java,1
/client/instrumenter/src/main/java/org/hawkular/apm/instrumenter/APMAgent.java,3
/client/instrumenter/src/main/java/org/hawkular/apm/instrumenter/faults/SOAPFaultDescriptor.java,0
/client/instrumenter/src/main/java/org/hawkular/apm/instrumenter/faults/ThrowableFaultDescriptor.java,0
/client/api/src/main/java/org/hawkular/apm/client/api/recorder/BatchTraceRecorder.java,2
/client/api/src/main/java/org/hawkular/apm/client/api/recorder/LoggingRecorder.java,1
/client/api/src/main/java/org/hawkular/apm/client/api/sampler/PercentageSampler.java,1
/client/api/src/main/java/org/hawkular/apm/client/api/sampler/ContextSampler.java,3
/client/api/src/main/java/org/hawkular/apm/client/api/rest/AbstractRESTClient.java,1
/client/analytics-service-rest-client/src/main/java/org/hawkular/apm/analytics/service/rest/client/AnalyticsServiceRESTClient.java,1
/client/config-service-rest-client/src/main/java/org/hawkular/apm/config/service/rest/client/ConfigurationServiceRESTClient.java,3
/client/collector/src/main/java/org/hawkular/apm/client/collector/internal/FilterManager.java,1
/client/collector/src/main/java/org/hawkular/apm/client/collector/internal/ProcessorManager.java,1
/client/collector/src/main/java/org/hawkular/apm/client/collector/internal/FilterProcessor.java,2
/client/collector/src/main/java/org/hawkular/apm/client/collector/internal/DefaultTraceCollector.java,1
/client/collector/src/main/java/org/hawkular/apm/client/collector/internal/FragmentBuilder.java,1
/client/collector/src/main/java/org/hawkular/apm/client/collector/internal/FragmentManager.java,2
/client/trace-publisher-rest-client/src/main/java/org/hawkular/apm/trace/publisher/rest/client/TracePublisherRESTClient.java,5
/examples/polyglot-zipkin/java-dropwizard/src/main/java/org/hawkular/apm/example/dropwizard/AppConfiguration.java,0
/examples/polyglot-zipkin/java-dropwizard/src/main/java/org/hawkular/apm/example/dropwizard/model/User.java,0
/examples/polyglot-zipkin/java-dropwizard/src/main/java/org/hawkular/apm/example/dropwizard/dao/UserDAO.java,2
/examples/polyglot-zipkin/java-dropwizard/src/main/java/org/hawkular/apm/example/dropwizard/App.java,0
/examples/polyglot-zipkin/java-dropwizard/src/main/java/org/hawkular/apm/example/dropwizard/rest/AsyncHandler.java,2
/examples/polyglot-zipkin/java-dropwizard/src/main/java/org/hawkular/apm/example/dropwizard/rest/HelloHandler.java,0
/examples/polyglot-zipkin/java-dropwizard/src/main/java/org/hawkular/apm/example/dropwizard/rest/URLUtils.java,0
/examples/polyglot-zipkin/java-dropwizard/src/main/java/org/hawkular/apm/example/dropwizard/rest/UsersHandler.java,2
/examples/polyglot-zipkin/java-dropwizard/src/main/java/org/hawkular/apm/example/dropwizard/rest/SyncHandler.java,0
/examples/polyglot-zipkin/java-dropwizard/src/main/java/org/hawkular/apm/example/dropwizard/util/DatabaseUtils.java,1
/examples/polyglot-zipkin/java-wildfly-swarm/src/main/java/org/hawkular/apm/example/swarm/zipkin/BraveProducer.java,1
/examples/polyglot-zipkin/java-wildfly-swarm/src/main/java/org/hawkular/apm/example/swarm/zipkin/BraveListener.java,0
/examples/polyglot-zipkin/java-wildfly-swarm/src/main/java/org/hawkular/apm/example/swarm/zipkin/HttpClientProducer.java,0
/examples/polyglot-zipkin/java-wildfly-swarm/src/main/java/org/hawkular/apm/example/swarm/dao/UserDAO.java,1
/examples/polyglot-zipkin/java-wildfly-swarm/src/main/java/org/hawkular/apm/example/swarm/dao/User.java,0
/examples/polyglot-zipkin/java-wildfly-swarm/src/main/java/org/hawkular/apm/example/swarm/rest/UserHandler.java,0
/examples/polyglot-zipkin/java-wildfly-swarm/src/main/java/org/hawkular/apm/example/swarm/rest/RestApplication.java,0
/examples/polyglot-zipkin/java-wildfly-swarm/src/main/java/org/hawkular/apm/example/swarm/rest/HelloHandler.java,0
/examples/vertx-opentracing/common/src/main/java/org/hawkular/apm/examples/vertx/opentracing/common/VertxMessageExtractAdapter.java,1
/examples/vertx-opentracing/common/src/main/java/org/hawkular/apm/examples/vertx/opentracing/common/HttpHeadersExtractAdapter.java,0
/examples/vertx-opentracing/common/src/main/java/org/hawkular/apm/examples/vertx/opentracing/common/HttpHeadersInjectAdapter.java,0
/examples/vertx-opentracing/common/src/main/java/org/hawkular/apm/examples/vertx/opentracing/common/VertxMessageInjectAdapter.java,1
/examples/vertx-opentracing/inventory-manager/src/main/java/org/hawkular/apm/examples/vertx/opentracing/inventorymanager/InventoryManagerVerticle.java,3
/examples/vertx-opentracing/account-manager/src/main/java/org/hawkular/apm/examples/vertx/opentracing/accountmanager/AccountManagerVerticle.java,3
/examples/vertx-opentracing/order-manager/src/main/java/org/hawkular/apm/examples/vertx/opentracing/ordermanager/BaseHandler.java,3
/examples/vertx-opentracing/order-manager/src/main/java/org/hawkular/apm/examples/vertx/opentracing/ordermanager/PlaceOrderHandler.java,3
/examples/vertx-opentracing/order-manager/src/main/java/org/hawkular/apm/examples/vertx/opentracing/ordermanager/OrderManagerVerticle.java,0
/examples/vertx-opentracing/order-manager/src/main/java/org/hawkular/apm/examples/vertx/opentracing/ordermanager/ListOrdersHandler.java,4
/examples/vertx-opentracing/order-log/src/main/java/org/hawkular/apm/examples/vertx/opentracing/orderlog/OrderLogVerticle.java,3
/performance/server/src/main/java/org/hawkular/apm/performance/server/Metrics.java,1
/performance/server/src/main/java/org/hawkular/apm/performance/server/SystemConfiguration.java,0
/performance/server/src/main/java/org/hawkular/apm/performance/server/Message.java,0
/performance/server/src/main/java/org/hawkular/apm/performance/server/ClientSimulator.java,2
/performance/server/src/main/java/org/hawkular/apm/performance/server/Service.java,17
/performance/server/src/main/java/org/hawkular/apm/performance/server/PathConfiguration.java,0
/performance/server/src/main/java/org/hawkular/apm/performance/server/DefaultServiceRegistry.java,1
/performance/server/src/main/java/org/hawkular/apm/performance/server/ServiceConfiguration.java,0
/server/processors-alerts-publisher/src/main/java/org/hawkular/apm/processor/alerts/TraceCompletionAlertsPublisherMDB.java,2
/server/processors-alerts-publisher/src/main/java/org/hawkular/apm/processor/alerts/Event.java,5
/server/processors-alerts-publisher/src/main/java/org/hawkular/apm/processor/alerts/InvocationAlertsPublisherMDB.java,2
/server/processors-alerts-publisher/src/main/java/org/hawkular/apm/processor/alerts/AlertsPublisher.java,1
/server/jms/src/main/java/org/hawkular/apm/server/jms/CommunicationDetailsPublisherJMS.java,0
/server/jms/src/main/java/org/hawkular/apm/server/jms/RetryCapableMDB.java,7
/server/jms/src/main/java/org/hawkular/apm/server/jms/CommunicationDetailsStoreMDB.java,2
/server/jms/src/main/java/org/hawkular/apm/server/jms/span/SpanCacheMDB.java,2
/server/jms/src/main/java/org/hawkular/apm/server/jms/span/NodeDetailsDeriverMDB.java,0
/server/jms/src/main/java/org/hawkular/apm/server/jms/span/tracecompletion/TraceCompletionMDB.java,0
/server/jms/src/main/java/org/hawkular/apm/server/jms/span/tracecompletion/TraceCompletionProcessingInitiatorMDB.java,0
/server/jms/src/main/java/org/hawkular/apm/server/jms/span/tracecompletion/TraceCompletionProcessingPublisherJMS.java,0
/server/jms/src/main/java/org/hawkular/apm/server/jms/span/tracecompletion/TraceCompletionProcessingMDB.java,0
/server/jms/src/main/java/org/hawkular/apm/server/jms/span/SpanStoreMDB.java,2
/server/jms/src/main/java/org/hawkular/apm/server/jms/span/SpanPublisherJMS.java,0
/server/jms/src/main/java/org/hawkular/apm/server/jms/span/CommunicationDetailsDeriverMDB.java,0
/server/jms/src/main/java/org/hawkular/apm/server/jms/TraceCompletionPublisherJMS.java,0
/server/jms/src/main/java/org/hawkular/apm/server/jms/AbstractPublisherJMS.java,1
/server/jms/src/main/java/org/hawkular/apm/server/jms/CommunicationDetailsCacheMDB.java,2
/server/jms/src/main/java/org/hawkular/apm/server/jms/NodeDetailsPublisherJMS.java,0
/server/jms/src/main/java/org/hawkular/apm/server/jms/TraceCompletionStoreMDB.java,2
/server/jms/src/main/java/org/hawkular/apm/server/jms/trace/TraceCompletionInformationInitiatorMDB.java,0
/server/jms/src/main/java/org/hawkular/apm/server/jms/trace/SourceInfoCacheMDB.java,2
/server/jms/src/main/java/org/hawkular/apm/server/jms/trace/TraceCompletionInformationPublisherJMS.java,0
/server/jms/src/main/java/org/hawkular/apm/server/jms/trace/NodeDetailsDeriverMDB.java,0
/server/jms/src/main/java/org/hawkular/apm/server/jms/trace/TraceStoreMDB.java,2
/server/jms/src/main/java/org/hawkular/apm/server/jms/trace/TracePublisherJMS.java,0
/server/jms/src/main/java/org/hawkular/apm/server/jms/trace/TraceCompletionInformationProcessorMDB.java,0
/server/jms/src/main/java/org/hawkular/apm/server/jms/trace/TraceCompletionDeriverMDB.java,0
/server/jms/src/main/java/org/hawkular/apm/server/jms/trace/CommunicationDetailsDeriverMDB.java,0
/server/jms/src/main/java/org/hawkular/apm/server/jms/NodeDetailsStoreMDB.java,2
/server/processors-zipkin/src/main/java/org/hawkular/apm/server/processor/zipkin/CompletionTimeUtil.java,2
/server/processors-zipkin/src/main/java/org/hawkular/apm/server/processor/zipkin/CompletionTimeProcessing.java,0
/server/processors-zipkin/src/main/java/org/hawkular/apm/server/processor/zipkin/CommunicationDetailsDeriver.java,15
/server/processors-zipkin/src/main/java/org/hawkular/apm/server/processor/zipkin/CompletionTimeProcessingDeriver.java,1
/server/processors-zipkin/src/main/java/org/hawkular/apm/server/processor/zipkin/CompletionTimeDeriver.java,1
/server/processors-zipkin/src/main/java/org/hawkular/apm/server/processor/zipkin/NodeDetailsDeriver.java,4
/server/processors-zipkin/src/main/java/org/hawkular/apm/server/processor/zipkin/CompletionTimeDeriverInitiator.java,1
/server/elasticsearch/src/main/java/org/hawkular/apm/server/elasticsearch/AnalyticsServiceElasticsearch.java,1
/server/elasticsearch/src/main/java/org/hawkular/apm/server/elasticsearch/TraceServiceElasticsearch.java,2
/server/elasticsearch/src/main/java/org/hawkular/apm/server/elasticsearch/ElasticsearchBootstrap.java,1
/server/elasticsearch/src/main/java/org/hawkular/apm/server/elasticsearch/ElasticsearchEmbeddedNode.java,1
/server/elasticsearch/src/main/java/org/hawkular/apm/server/elasticsearch/SpanServiceElasticsearch.java,1
/server/elasticsearch/src/main/java/org/hawkular/apm/server/elasticsearch/ElasticsearchClient.java,1
/server/elasticsearch/src/main/java/org/hawkular/apm/server/elasticsearch/ConfigurationServiceElasticsearch.java,1
/server/elasticsearch/src/main/java/org/hawkular/apm/server/elasticsearch/ServiceDeploymentServiceElasticsearch.java,0
/server/elasticsearch/src/main/java/org/hawkular/apm/server/elasticsearch/ElasticsearchUtil.java,2
/server/kafka/src/main/java/org/hawkular/apm/server/kafka/KafkaZipkinSpansConsumer.java,2
/server/api/src/main/java/org/hawkular/apm/server/api/task/ProcessingUnit.java,52
/server/api/src/main/java/org/hawkular/apm/server/api/task/RetryAttemptException.java,0
/server/api/src/main/java/org/hawkular/apm/server/api/task/AbstractProcessor.java,1
/server/api/src/main/java/org/hawkular/apm/server/api/security/SecurityProviderException.java,0
/server/api/src/main/java/org/hawkular/apm/server/api/model/zipkin/Span.java,1
/server/api/src/main/java/org/hawkular/apm/server/api/model/zipkin/BinaryAnnotation.java,8
/server/api/src/main/java/org/hawkular/apm/server/api/model/zipkin/Endpoint.java,6
/server/api/src/main/java/org/hawkular/apm/server/api/model/zipkin/Annotation.java,4
/server/api/src/main/java/org/hawkular/apm/server/api/utils/zipkin/MappingResult.java,6
/server/api/src/main/java/org/hawkular/apm/server/api/utils/zipkin/SpanHttpDeriverUtil.java,1
/server/api/src/main/java/org/hawkular/apm/server/api/utils/zipkin/BinaryAnnotationMappingStorage.java,1
/server/api/src/main/java/org/hawkular/apm/server/api/utils/zipkin/ZipkinSpanConvertor.java,1
/server/api/src/main/java/org/hawkular/apm/server/api/utils/zipkin/AnnotationTypeUtil.java,2
/server/api/src/main/java/org/hawkular/apm/server/api/utils/zipkin/SpanDeriverUtil.java,1
/server/api/src/main/java/org/hawkular/apm/server/api/utils/zipkin/SpanUniqueIdGenerator.java,1
/server/api/src/main/java/org/hawkular/apm/server/api/utils/zipkin/BinaryAnnotationMapping.java,0
/server/api/src/main/java/org/hawkular/apm/server/api/utils/zipkin/BinaryAnnotationMappingDeriver.java,6
/server/api/src/main/java/org/hawkular/apm/server/api/utils/SourceInfoUtil.java,2
/server/api/src/main/java/org/hawkular/apm/server/api/cdi/EagerExtension.java,1
/server/api/src/main/java/org/hawkular/apm/server/api/services/CacheException.java,0
/server/api/src/main/java/org/hawkular/apm/server/api/services/Property.java,4
/server/infinispan/src/main/java/org/hawkular/apm/server/infinispan/InfinispanCommunicationDetailsCache.java,1
/server/infinispan/src/main/java/org/hawkular/apm/server/infinispan/InfinispanSpanCache.java,2
/server/infinispan/src/main/java/org/hawkular/apm/server/infinispan/InfinispanCacheManager.java,1
/server/infinispan/src/main/java/org/hawkular/apm/server/infinispan/InfinispanSourceInfoCache.java,1
/server/infinispan/src/main/java/org/hawkular/apm/server/infinispan/InfinispanPropertyCache.java,1
/server/zipkin-rest/src/main/java/org/hawkular/apm/server/zipkin/rest/ZipkinV1Handler.java,2
/server/zipkin-rest/src/main/java/org/hawkular/apm/server/zipkin/rest/HawkularAPMZipkinApp.java,0
/server/security-jaas/src/main/java/org/hawkular/apm/server/security/jaas/JAASSecurityProvider.java,1
/server/rest/src/main/java/org/hawkular/apm/server/rest/filter/CorsRequestFilter.java,1
/server/rest/src/main/java/org/hawkular/apm/server/rest/filter/CorsResponseFilter.java,1
/server/rest/src/main/java/org/hawkular/apm/server/rest/ServiceDeploymentHandler.java,5
/server/rest/src/main/java/org/hawkular/apm/server/rest/HawkularAPMApp.java,0
/server/rest/src/main/java/org/hawkular/apm/server/rest/ConfigurationHandler.java,1
/server/rest/src/main/java/org/hawkular/apm/server/rest/BaseHandler.java,1
/server/rest/src/main/java/org/hawkular/apm/server/rest/RESTServiceUtil.java,7
/server/rest/src/main/java/org/hawkular/apm/server/rest/TraceHandler.java,1
/server/rest/src/main/java/org/hawkular/apm/server/rest/AnalyticsHandler.java,1
/server/rest/src/main/java/org/hawkular/apm/server/rest/entity/UpdatedBusinessTxnConfigurationsRequest.java,0
/server/rest/src/main/java/org/hawkular/apm/server/rest/entity/BoundEndpointsRequest.java,0
/server/rest/src/main/java/org/hawkular/apm/server/rest/entity/CriteriaRequest.java,2
/server/rest/src/main/java/org/hawkular/apm/server/rest/entity/TraceCompletionPropertyRequest.java,0
/server/rest/src/main/java/org/hawkular/apm/server/rest/entity/TenantRequest.java,0
/server/rest/src/main/java/org/hawkular/apm/server/rest/entity/IntervalCriteriaRequest.java,0
/server/rest/src/main/java/org/hawkular/apm/server/rest/entity/UnboundEndpointsRequest.java,0
/server/rest/src/main/java/org/hawkular/apm/server/rest/entity/TreeCriteriaRequest.java,0
/server/rest/src/main/java/org/hawkular/apm/server/rest/entity/GetByIdRequest.java,0
/server/rest/src/main/java/org/hawkular/apm/server/rest/entity/CollectorConfigurationRequest.java,0
/server/rest/src/main/java/org/hawkular/apm/server/rest/entity/NamedTransactionRequest.java,0
/server/processors/src/main/java/org/hawkular/apm/server/processor/nodedetails/NodeDetailsDeriver.java,1
/server/processors/src/main/java/org/hawkular/apm/server/processor/tracecompletiontime/TraceCompletionDeriver.java,3
/server/processors/src/main/java/org/hawkular/apm/server/processor/tracecompletiontime/TraceCompletionInformationInitiator.java,10
/server/processors/src/main/java/org/hawkular/apm/server/processor/tracecompletiontime/TraceCompletionInformationProcessor.java,7
/server/processors/src/main/java/org/hawkular/apm/server/processor/tracecompletiontime/TraceCompletionInformationUtil.java,14
/server/processors/src/main/java/org/hawkular/apm/server/processor/tracecompletiontime/TraceCompletionInformation.java,0
/server/processors/src/main/java/org/hawkular/apm/server/processor/communicationdetails/CommunicationDetailsDeriver.java,1
