/src/main/java/com/ssm/wocket/Monitor.java,0:
/src/main/java/com/ssm/service/UserLoginServiceIml.java,0:
/src/main/java/com/ssm/interceptor/Interceptor.java,0:
/src/main/java/com/ssm/pojo/Userses.java,0:
/src/main/java/com/ssm/pojo/Record.java,0:
/src/main/java/com/ssm/controller/Chat.java,0:
/src/main/java/com/ssm/controller/QuestLast.java,0:
/src/main/java/com/ssm/controller/JsonpData.java,0:
/src/main/java/com/ssm/controller/LoginAdnRedirect.java,1:
/src/main/java/com/ssm/controller/InitData.java,0:
/src/main/java/com/ssm/controller/FileUpload.java,0:
/src/main/java/com/ssm/controller/WXAppletUserInfo.java,0:
