/sample/src/main/java/net/soulwolf/image/picturelib/sample/MainActivity.java,5:
/sample/src/main/java/net/soulwolf/image/picturelib/sample/adapter/PictureAdapter.java,3:
/library/src/main/java/net/soulwolf/image/picturelib/task/GalleryTask.java,0:
/library/src/main/java/net/soulwolf/image/picturelib/task/DefaultImageLoadHandler.java,1:
/library/src/main/java/net/soulwolf/image/picturelib/task/ImageLoadTask.java,1:
/library/src/main/java/net/soulwolf/image/picturelib/task/PictureTask.java,0:
/library/src/main/java/net/soulwolf/image/picturelib/ui/CropPictureActivity.java,6:
/library/src/main/java/net/soulwolf/image/picturelib/ui/BaseActivity.java,4:
/library/src/main/java/net/soulwolf/image/picturelib/ui/GalleryChooseActivity.java,4:
/library/src/main/java/net/soulwolf/image/picturelib/ui/PictureChooseActivity.java,5:
/library/src/main/java/net/soulwolf/image/picturelib/model/GalleryListModel.java,3:
/library/src/main/java/net/soulwolf/image/picturelib/rx/ResponseHandler.java,0:
/library/src/main/java/net/soulwolf/image/picturelib/rx/ObservableWrapper.java,0:
/library/src/main/java/net/soulwolf/image/picturelib/utils/PictureFilter.java,0:
/library/src/main/java/net/soulwolf/image/picturelib/utils/PaintUtil.java,0:
/library/src/main/java/net/soulwolf/image/picturelib/utils/ImageViewUtil.java,0:
/library/src/main/java/net/soulwolf/image/picturelib/utils/HandleUtil.java,0:
/library/src/main/java/net/soulwolf/image/picturelib/utils/Utils.java,0:
/library/src/main/java/net/soulwolf/image/picturelib/utils/AspectRatioUtil.java,0:
/library/src/main/java/net/soulwolf/image/picturelib/view/cropwindow/CropOverlayView.java,18:
/library/src/main/java/net/soulwolf/image/picturelib/view/cropwindow/handle/HandleHelper.java,3:
/library/src/main/java/net/soulwolf/image/picturelib/view/cropwindow/handle/CenterHandleHelper.java,0:
/library/src/main/java/net/soulwolf/image/picturelib/view/cropwindow/handle/CornerHandleHelper.java,0:
/library/src/main/java/net/soulwolf/image/picturelib/view/cropwindow/handle/VerticalHandleHelper.java,1:
/library/src/main/java/net/soulwolf/image/picturelib/view/cropwindow/handle/HorizontalHandleHelper.java,1:
/library/src/main/java/net/soulwolf/image/picturelib/view/cropwindow/edge/EdgePair.java,2:
/library/src/main/java/net/soulwolf/image/picturelib/view/CropImageView.java,11:
/library/src/main/java/net/soulwolf/image/picturelib/view/SquareLayout.java,0:
/library/src/main/java/net/soulwolf/image/picturelib/PictureProcess.java,12:
/library/src/main/java/net/soulwolf/image/picturelib/exception/PhotographException.java,0:
/library/src/main/java/net/soulwolf/image/picturelib/exception/FileCreateException.java,0:
/library/src/main/java/net/soulwolf/image/picturelib/exception/PictureCropException.java,0:
/library/src/main/java/net/soulwolf/image/picturelib/adapter/PictureChooseAdapter.java,6:
/library/src/main/java/net/soulwolf/image/picturelib/adapter/GalleryChooseAdapter.java,4:
