/src/main/java/net/codestory/http/osxwatcher/Watcher.java,16
/src/main/java/net/codestory/http/injection/AbstractGuiceConfiguration.java,16
/src/main/java/net/codestory/http/injection/Singletons.java,18
/src/main/java/net/codestory/http/injection/GuiceConfiguration.java,16
/src/main/java/net/codestory/http/injection/SpringAdapter.java,15
/src/main/java/net/codestory/http/injection/GuiceAdapter.java,15
/src/main/java/net/codestory/http/injection/AbstractSpringConfiguration.java,16
/src/main/java/net/codestory/http/livereload/LiveReloadListener.java,16
/src/main/java/net/codestory/http/livereload/IncomingHelloMessage.java,15
/src/main/java/net/codestory/http/livereload/OutgoingHelloMessage.java,15
/src/main/java/net/codestory/http/livereload/OutgoingReloadMessage.java,15
/src/main/java/net/codestory/http/logs/Logs.java,16
/src/main/java/net/codestory/http/filters/ssl/ClientCertificateAuthFilter.java,15
/src/main/java/net/codestory/http/filters/roles/RoleFilter.java,15
/src/main/java/net/codestory/http/filters/basic/BasicAuthFilter.java,15
/src/main/java/net/codestory/http/filters/log/LogRequestFilter.java,15
/src/main/java/net/codestory/http/filters/auth/AuthData.java,15
/src/main/java/net/codestory/http/filters/mixed/MixedAuthFilter.java,15
/src/main/java/net/codestory/http/NewCookie.java,15
/src/main/java/net/codestory/http/WebServer.java,15
/src/main/java/net/codestory/http/markdown/FormulaPlugin.java,15
/src/main/java/net/codestory/http/markdown/MarkdownCompiler.java,15
/src/main/java/net/codestory/http/markdown/TablePlugin.java,15
/src/main/java/net/codestory/http/security/UsersList.java,15
/src/main/java/net/codestory/http/constants/Methods.java,16
/src/main/java/net/codestory/http/constants/Headers.java,16
/src/main/java/net/codestory/http/constants/FrameTypes.java,16
/src/main/java/net/codestory/http/constants/HttpStatus.java,16
/src/main/java/net/codestory/http/constants/Encodings.java,16
/src/main/java/net/codestory/http/annotations/MethodAnnotationsFactory.java,15
/src/main/java/net/codestory/http/annotations/AnnotationHelper.java,17
/src/main/java/net/codestory/http/annotations/MethodAnnotations.java,15
/src/main/java/net/codestory/http/io/ClasspathScanner.java,16
/src/main/java/net/codestory/http/io/Strings.java,16
/src/main/java/net/codestory/http/io/Resources.java,21
/src/main/java/net/codestory/http/io/InputStreams.java,17
/src/main/java/net/codestory/http/convert/TypeConvert.java,16
/src/main/java/net/codestory/http/cors/CORSHelper.java,16
/src/main/java/net/codestory/http/forms/Form.java,15
/src/main/java/net/codestory/http/routes/SourceRoute.java,15
/src/main/java/net/codestory/http/routes/ReflectionRoute.java,17
/src/main/java/net/codestory/http/routes/UriParser.java,15
/src/main/java/net/codestory/http/routes/CatchAllRoute.java,15
/src/main/java/net/codestory/http/routes/WebJarsRoute.java,16
/src/main/java/net/codestory/http/routes/RouteSorter.java,15
/src/main/java/net/codestory/http/routes/RouteCollection.java,16
/src/main/java/net/codestory/http/routes/SourceMapRoute.java,15
/src/main/java/net/codestory/http/routes/ConfigurationOverride.java,15
/src/main/java/net/codestory/http/routes/RoutesWithPattern.java,15
/src/main/java/net/codestory/http/routes/RouteWithPattern.java,15
/src/main/java/net/codestory/http/routes/BoundFolderRoute.java,15
/src/main/java/net/codestory/http/routes/StaticRoute.java,15
/src/main/java/net/codestory/http/Context.java,15
/src/main/java/net/codestory/http/payload/PayloadWriter.java,16
/src/main/java/net/codestory/http/payload/Payload.java,15
/src/main/java/net/codestory/http/types/ContentTypes.java,16
/src/main/java/net/codestory/http/reload/MasterFolderWatch.java,15
/src/main/java/net/codestory/http/reload/ReloadingRoutesProvider.java,15
/src/main/java/net/codestory/http/reload/FolderWatcher.java,15
/src/main/java/net/codestory/http/reload/FixedRoutesProvider.java,15
/src/main/java/net/codestory/http/reload/JdkWatchService.java,17
/src/main/java/net/codestory/http/reload/OsxWatchService.java,15
/src/main/java/net/codestory/http/compilers/Compilers.java,16
/src/main/java/net/codestory/http/compilers/CoffeeCompiler.java,15
/src/main/java/net/codestory/http/compilers/CompilerFacade.java,20
/src/main/java/net/codestory/http/compilers/CoffeeSourceMapCompiler.java,15
/src/main/java/net/codestory/http/compilers/SourceFile.java,15
/src/main/java/net/codestory/http/compilers/CompilerException.java,15
/src/main/java/net/codestory/http/compilers/LessCompiler.java,15
/src/main/java/net/codestory/http/compilers/PathSource.java,15
/src/main/java/net/codestory/http/compilers/DiskCache.java,16
/src/main/java/net/codestory/http/internal/SimpleFrame.java,15
/src/main/java/net/codestory/http/internal/SimpleWebSocketSession.java,15
/src/main/java/net/codestory/http/internal/SimplePart.java,15
/src/main/java/net/codestory/http/internal/SimpleRequest.java,15
/src/main/java/net/codestory/http/internal/SimpleResponse.java,15
/src/main/java/net/codestory/http/internal/SimpleWebSocketListener.java,15
/src/main/java/net/codestory/http/internal/SimpleCookies.java,21
/src/main/java/net/codestory/http/internal/SimpleServerWrapper.java,20
/src/main/java/net/codestory/http/internal/SimpleCookie.java,15
/src/main/java/net/codestory/http/internal/SimpleQuery.java,15
/src/main/java/net/codestory/http/misc/Sha1.java,16
/src/main/java/net/codestory/http/misc/ExtractWebjars.java,16
/src/main/java/net/codestory/http/misc/UrlConcat.java,15
/src/main/java/net/codestory/http/misc/WebJarUrlFinder.java,15
/src/main/java/net/codestory/http/misc/Cache.java,15
/src/main/java/net/codestory/http/misc/Dates.java,16
/src/main/java/net/codestory/http/misc/Hexa.java,16
/src/main/java/net/codestory/http/misc/PreCompile.java,15
/src/main/java/net/codestory/http/misc/MemoizingSupplier.java,20
/src/main/java/net/codestory/http/misc/Env.java,17
/src/main/java/net/codestory/http/misc/Md5.java,16
/src/main/java/net/codestory/http/errors/BadRequestException.java,15
/src/main/java/net/codestory/http/errors/NotFoundException.java,15
/src/main/java/net/codestory/http/errors/UnauthorizedException.java,15
/src/main/java/net/codestory/http/errors/ForbiddenException.java,15
/src/main/java/net/codestory/http/errors/HttpException.java,15
/src/main/java/net/codestory/http/errors/ErrorPayload.java,15
/src/main/java/net/codestory/http/errors/ErrorPage.java,15
/src/main/java/net/codestory/http/AbstractWebServer.java,18
/src/main/java/net/codestory/http/templating/Model.java,16
/src/main/java/net/codestory/http/templating/yaml/YamlFrontMatter.java,15
/src/main/java/net/codestory/http/templating/helpers/AssetsHelperSource.java,17
/src/main/java/net/codestory/http/templating/helpers/WebjarHelperSource.java,17
/src/main/java/net/codestory/http/templating/helpers/HelperTools.java,16
/src/main/java/net/codestory/http/templating/helpers/EachValueHelperSource.java,15
/src/main/java/net/codestory/http/templating/helpers/EachReverseHelperSource.java,15
/src/main/java/net/codestory/http/templating/helpers/GoogleAnalyticsHelper.java,15
/src/main/java/net/codestory/http/templating/helpers/LiveReloadHelper.java,15
/src/main/java/net/codestory/http/templating/ModelAndView.java,15
/src/main/java/net/codestory/http/templating/ViewCompiler.java,15
