/sample/src/main/java/com/example/android/wizardpager/MainActivity.java,230
/sample/src/main/java/com/example/android/wizardpager/pages/CustomerInfoFragment.java,107
/sample/src/main/java/com/example/android/wizardpager/pages/CustomerInfoPage.java,27
/sample/src/main/java/com/example/android/wizardpager/SandwichWizardModel.java,51
/library/src/main/java/com/tech/freak/wizardpager/ui/GeoFragment.java,158
/library/src/main/java/com/tech/freak/wizardpager/ui/ReviewFragment.java,134
/library/src/main/java/com/tech/freak/wizardpager/ui/ImageFragment.java,164
/library/src/main/java/com/tech/freak/wizardpager/ui/SingleChoiceFragment.java,88
/library/src/main/java/com/tech/freak/wizardpager/ui/TextFragment.java,97
/library/src/main/java/com/tech/freak/wizardpager/ui/NumberFragment.java,24
/library/src/main/java/com/tech/freak/wizardpager/ui/StepPagerStrip.java,186
/library/src/main/java/com/tech/freak/wizardpager/ui/MultipleChoiceFragment.java,101
/library/src/main/java/com/tech/freak/wizardpager/model/NumberPage.java,12
/library/src/main/java/com/tech/freak/wizardpager/model/Page.java,55
/library/src/main/java/com/tech/freak/wizardpager/model/ImagePage.java,16
/library/src/main/java/com/tech/freak/wizardpager/model/SingleFixedChoicePage.java,38
/library/src/main/java/com/tech/freak/wizardpager/model/PageList.java,26
/library/src/main/java/com/tech/freak/wizardpager/model/TextPage.java,27
/library/src/main/java/com/tech/freak/wizardpager/model/BranchPage.java,78
/library/src/main/java/com/tech/freak/wizardpager/model/AbstractWizardModel.java,53
/library/src/main/java/com/tech/freak/wizardpager/model/MultipleFixedChoicePage.java,32
/library/src/main/java/com/tech/freak/wizardpager/model/ReviewItem.java,41
/library/src/main/java/com/tech/freak/wizardpager/model/GeoPage.java,16
