/src/test/storm/kafka/KafkaTestBroker.java,2
/src/test/storm/kafka/TestUtils.java,1
/src/jvm/storm/kafka/ZkHosts.java,0
/src/jvm/storm/kafka/PartitionManager.java,12
/src/jvm/storm/kafka/ZkCoordinator.java,3
/src/jvm/storm/kafka/Partition.java,4
/src/jvm/storm/kafka/SpoutConfig.java,0
/src/jvm/storm/kafka/ZkState.java,3
/src/jvm/storm/kafka/StringKeyValueScheme.java,1
/src/jvm/storm/kafka/FailedFetchException.java,0
/src/jvm/storm/kafka/StringScheme.java,1
/src/jvm/storm/kafka/bolt/KafkaBolt.java,2
/src/jvm/storm/kafka/DynamicPartitionConnections.java,2
/src/jvm/storm/kafka/StaticHosts.java,0
/src/jvm/storm/kafka/Broker.java,4
/src/jvm/storm/kafka/KeyValueSchemeAsMultiScheme.java,2
/src/jvm/storm/kafka/StaticPartitionConnections.java,2
/src/jvm/storm/kafka/KafkaConfig.java,0
/src/jvm/storm/kafka/KafkaSpout.java,11
/src/jvm/storm/kafka/KafkaUtils.java,16
/src/jvm/storm/kafka/StaticCoordinator.java,1
/src/jvm/storm/kafka/DynamicBrokersReader.java,4
/src/jvm/storm/kafka/trident/TridentKafkaEmitter.java,10
/src/jvm/storm/kafka/trident/MaxMetric.java,2
/src/jvm/storm/kafka/trident/TridentKafkaConfig.java,0
/src/jvm/storm/kafka/trident/StaticBrokerReader.java,0
/src/jvm/storm/kafka/trident/Coordinator.java,1
/src/jvm/storm/kafka/trident/DefaultCoordinator.java,0
/src/jvm/storm/kafka/trident/ZkBrokerReader.java,1
/src/jvm/storm/kafka/trident/OpaqueTridentKafkaSpout.java,1
/src/jvm/storm/kafka/trident/GlobalPartitionInformation.java,3
/src/jvm/storm/kafka/trident/TransactionalTridentKafkaSpout.java,1
