/sqlite-oop/src/main/java/oop/sqlite/console/SqliteConsoleBaseDao.java,24:
/sqlite-oop/src/main/java/oop/sqlite/console/SqliteConsoleBaseService.java,14:
/sqlite-oop/src/main/java/oop/sqlite/console/SqliteConsoleBaseEntity.java,31:
/sqlite-oop/src/main/java/oop/sqlite/base/SqliteBaseDao.java,161:
/sqlite-oop/src/main/java/oop/sqlite/base/SqliteBaseService.java,44:
/sqlite-oop/src/main/java/oop/sqlite/base/SqliteBaseEntity.java,18:
/sqlite-oop/src/main/java/oop/sqlite/cache/local/SimpleLocalCache.java,111:
/sqlite-oop/src/main/java/oop/sqlite/utils/SqliteHelper.java,485:
/sqlite-oop/src/main/java/oop/sqlite/utils/SqliteJsonUtils.java,57:
/sqlite-oop/src/main/java/oop/sqlite/utils/SqliteLogUtils.java,208:
/sqlite-oop/src/main/java/oop/sqlite/utils/SqliteUtils.java,160:
/sqlite-oop/src/main/java/oop/sqlite/utils/SqliteConnectionUtils.java,5:
/sqlite-oop/src/main/java/oop/sqlite/utils/SqliteSqlHelper.java,302:
/sqlite-oop/src/main/java/oop/sqlite/constant/SqliteConstant.java,13:
/sqlite-oop/src/main/java/oop/sqlite/exception/SqliteConnectionMaxException.java,10:
/sqlite-oop/src/main/java/oop/sqlite/exception/SqliteConnectionException.java,7:
/sqlite-oop/src/main/java/oop/sqlite/connection/SqliteConnectionPool.java,99:
/sqlite-oop/src/main/java/oop/sqlite/connection/SqliteBaseConnectionFactory.java,141:
/sqlite-oop/src/main/java/oop/sqlite/connection/SqliteBaseConnection.java,57:
/sqlite-oop/src/main/java/oop/sqlite/config/SqliteConfig.java,42:
/sqlite-oop/src/main/java/oop/sqlite/thread/SqliteThreadUtils.java,68:
/access-oop/src/main/java/oop/access/base/AccessBaseEntity.java,23:
/access-oop/src/main/java/oop/access/base/AccessBaseService.java,44:
/access-oop/src/main/java/oop/access/base/AccessBaseDao.java,163:
/access-oop/src/main/java/oop/access/utils/AccessHelper.java,434:
/access-oop/src/main/java/oop/access/utils/AccessLogUtils.java,208:
/access-oop/src/main/java/oop/access/utils/AccessSqlHelper.java,291:
/access-oop/src/main/java/oop/access/utils/AccessUtils.java,160:
/access-oop/src/main/java/oop/access/utils/AccessDatabaseUtils.java,84:
/access-oop/src/main/java/oop/access/utils/AccessConnectionUtils.java,5:
/access-oop/src/main/java/oop/access/utils/AccessJsonUtils.java,57:
/access-oop/src/main/java/oop/access/constant/AccessConstant.java,10:
/access-oop/src/main/java/oop/access/exception/AccessConnectionMaxException.java,10:
/access-oop/src/main/java/oop/access/exception/AccessConnectionException.java,7:
/access-oop/src/main/java/oop/access/opener/AccessCryptCodecOpener.java,6:
/access-oop/src/main/java/oop/access/connection/AccessConnectionPool.java,98:
/access-oop/src/main/java/oop/access/connection/AccessBaseConnectionFactory.java,139:
/access-oop/src/main/java/oop/access/connection/AccessBaseConnection.java,60:
/access-oop/src/main/java/oop/access/config/AccessConfig.java,92:
/access-oop/src/main/java/oop/access/thread/AccessThreadUtils.java,68:
/elasticsearch-oop/src/main/java/oop/elasticsearch/base/EsBasePage.java,117:
/elasticsearch-oop/src/main/java/oop/elasticsearch/base/EsBaseEntity.java,50:
/elasticsearch-oop/src/main/java/oop/elasticsearch/base/EsBaseService.java,314:
/elasticsearch-oop/src/main/java/oop/elasticsearch/utils/EsLogUtils.java,13:
/elasticsearch-oop/src/main/java/oop/elasticsearch/utils/EsParseMsgUtils.java,192:
/elasticsearch-oop/src/main/java/oop/elasticsearch/utils/EsSqlUtils.java,35:
/elasticsearch-oop/src/main/java/oop/elasticsearch/utils/EsMappingHelper.java,157:
/elasticsearch-oop/src/main/java/oop/elasticsearch/utils/EsUtils.java,71:
/elasticsearch-oop/src/main/java/oop/elasticsearch/utils/EsJsonUtils.java,57:
/elasticsearch-oop/src/main/java/oop/elasticsearch/constant/EsConstant.java,8:
/elasticsearch-oop/src/main/java/oop/elasticsearch/constant/EsFieldType.java,20:
/elasticsearch-oop/src/main/java/oop/elasticsearch/config/ElasticsearchConfig.java,47:
