/daijie-example-data-feign/src/main/java/org/daijie/api/data/feign/request/user/AddUserRequest.java,3:
/daijie-example-data-feign/src/main/java/org/daijie/api/data/feign/request/user/UserRequest.java,4:
/daijie-example-data-feign/src/main/java/org/daijie/api/data/feign/request/user/UpdateUserRequest.java,4:
/daijie-example-data-feign/src/main/java/org/daijie/api/data/feign/response/user/AddUserResponse.java,1:
/daijie-example-data-feign/src/main/java/org/daijie/api/data/feign/response/user/UpdateUserResponse.java,1:
/daijie-example-data-feign/src/main/java/org/daijie/api/data/feign/response/user/UserResponse.java,4:
/daijie-example-mybatis-model/src/main/java/org/daijie/mybatis/model/User.java,4:
/daijie-example-mybatis-model/src/main/java/org/daijie/mybatis/model/UserInfo.java,7:
/daijie-example-shiro-api/src/main/java/org/daijie/api/ShiroApiStartUp.java,0:
/daijie-example-shiro-api/src/main/java/org/daijie/api/controller/HomeController.java,0:
/daijie-example-shiro-api/src/main/java/org/daijie/api/controller/LoginController.java,1:
/daijie-example-shiro-api/src/main/java/org/daijie/api/controller/UploadController.java,0:
/daijie-example-shiro-api/src/main/java/org/daijie/api/controller/RedisSessionController.java,0:
/daijie-example-shiro-api/src/main/java/org/daijie/api/controller/UserController.java,1:
/daijie-example-shiro-api/src/main/java/org/daijie/api/controller/QrcodeController.java,0:
/daijie-example-shiro-api/src/main/java/org/daijie/api/controller/LockController.java,0:
/daijie-example-shiro-api/src/main/java/org/daijie/api/controller/RegisterController.java,1:
/daijie-example-oauth2-server/src/main/java/org/daijie/oauth2/server/Oauth2StartUp.java,0:
/daijie-example-config-server/src/main/java/org/daijie/config/server/ConfigServerStartUp.java,0:
/daijie-example-mybatis-cloud/src/main/java/org/daijie/mybatis/cloud/MybatisStartUp.java,0:
/daijie-example-mybatis-cloud/src/main/java/org/daijie/mybatis/cloud/service/UserService.java,2:
/daijie-example-mybatis-cloud/src/main/java/org/daijie/mybatis/cloud/service/UserInfoService.java,1:
/daijie-example-admin-server/src/main/java/org/daijie/admin/server/AdminServerStratUp.java,0:
/daijie-example-quartz-cloud/src/main/java/org/daijie/quartz/cloud/QuartzStartUp.java,0:
/daijie-example-quartz-cloud/src/main/java/org/daijie/quartz/cloud/schedule/ScheduledTasks.java,5:
/daijie-example-quartz-cloud/src/main/java/org/daijie/quartz/cloud/config/ScheduleConfig.java,0:
/daijie-example-searchengine-feign/src/main/java/org/daijie/api/model/Blog.java,5:
/daijie-example-elasticsearch-cloud/src/main/java/org/daijie/elasticsearch/cloud/ElasticsearchStartUp.java,0:
/daijie-example-elasticsearch-cloud/src/main/java/org/daijie/elasticsearch/cloud/service/BlogService.java,0:
/daijie-example-elasticsearch-cloud/src/main/java/org/daijie/elasticsearch/cloud/service/base/BaseSearchService.java,2:
/daijie-example-social-cloud/src/main/java/org/daijie/social/cloud/service/SocialCaptchaService.java,0:
/daijie-example-social-cloud/src/main/java/org/daijie/social/cloud/service/SocialLoginService.java,0:
/daijie-example-social-cloud/src/main/java/org/daijie/social/cloud/SocialStartUp.java,0:
/daijie-example-jpa-cloud/src/main/java/org/daijie/jpa/cloud/service/UserService.java,2:
/daijie-example-jpa-cloud/src/main/java/org/daijie/jpa/cloud/service/UserInfoService.java,1:
/daijie-example-jpa-cloud/src/main/java/org/daijie/jpa/cloud/JpaStartUp.java,0:
/daijie-example-mybatis-shardingjdbc-cloud/src/main/java/org/daijie/mybatis/shardingjdbc/cloud/service/UserService.java,1:
/daijie-example-mybatis-shardingjdbc-cloud/src/main/java/org/daijie/mybatis/shardingjdbc/cloud/ShardingjdbcStartUp.java,0:
/daijie-example-sleuth-server/src/main/java/org/daijie/sleuth/server/SleuthStartUp.java,0:
/daijie-example-rabbit-cloud/src/main/java/org/daijie/rabbit/cloud/RabbitStartUp.java,0:
/daijie-example-rabbit-cloud/src/main/java/org/daijie/rabbit/cloud/service/RabbitMQService.java,1:
/daijie-example-eureka-server/src/main/java/org/daijie/eureka/server/EurekaServerStartUp.java,0:
/daijie-example-activiti-cloud/src/main/java/org/daijie/activiti/cloud/ActivitiStratUp.java,0:
/daijie-example-activiti-cloud/src/main/java/org/daijie/activiti/cloud/service/BaseService.java,3:
/daijie-example-activiti-cloud/src/main/java/org/daijie/activiti/cloud/service/RelicService.java,2:
/daijie-example-activiti-cloud/src/main/java/org/daijie/activiti/cloud/service/LeaveService.java,2:
/daijie-example-activiti-cloud/src/main/java/org/daijie/activiti/cloud/listener/relic/RefundTaskListener.java,0:
/daijie-example-activiti-cloud/src/main/java/org/daijie/activiti/cloud/listener/leave/ProjectLeaderTaskListener.java,0:
/daijie-example-activiti-cloud/src/main/java/org/daijie/activiti/cloud/listener/leave/PersonnelManagerTaskListener.java,0:
/daijie-example-activiti-cloud/src/main/java/org/daijie/activiti/cloud/listener/leave/ProjectManagerTaskListener.java,0:
/daijie-example-activiti-cloud/src/main/java/org/daijie/activiti/cloud/listener/leave/DepartmentManagerTaskListener.java,0:
/daijie-example-activiti-cloud/src/main/java/org/daijie/activiti/cloud/listener/leave/ApplyLeaveTaskListener.java,0:
/daijie-example-shiro-server/src/main/java/org/daijie/shiro/server/ShiroServerStartUp.java,0:
