/sample/src/main/java/com/dd/sample/utils/ProgressGenerator.java,0:
/sample/src/main/java/com/dd/sample/Main.java,0:
/sample/src/main/java/com/dd/sample/demo/UploadActivity.java,0:
/sample/src/main/java/com/dd/sample/demo/SignInActivity.java,1:
/sample/src/main/java/com/dd/sample/demo/MessageActivity.java,0:
/sample/src/main/java/com/dd/sample/demo/AnimationActivity.java,0:
/sample/src/main/java/com/dd/sample/demo/StateSampleActivity.java,0:
/library/src/main/java/com/hkm/ui/processbutton/Util/SAutoBgButtonBackgroundDrawable.java,0:
/library/src/main/java/com/hkm/ui/processbutton/Util/ProgressBar.java,7:
/library/src/main/java/com/hkm/ui/processbutton/ProcessButton.java,2:
/library/src/main/java/com/hkm/ui/processbutton/iml/GenerateProcessButton.java,0:
/library/src/main/java/com/hkm/ui/processbutton/iml/SubmitProcessButton.java,0:
/library/src/main/java/com/hkm/ui/processbutton/iml/ArrowButton.java,1:
/library/src/main/java/com/hkm/ui/processbutton/iml/ActionProcessButton.java,0:
/library/src/main/java/com/hkm/ui/processbutton/iml/AnimationButton.java,0:
/library/src/main/java/com/hkm/ui/processbutton/FlatButton.java,1:
